P_No,product_id,category,subcategory,product_name
1,FUR-BO-10000112,Furniture,Bookcases,"Bush Birmingham Collection Bookcase, Dark Cherry"
2,FUR-BO-10000330,Furniture,Bookcases,"Sauder Camden County Barrister Bookcase, Planked Cherry Finish"
3,FUR-BO-10000362,Furniture,Bookcases,"Sauder Inglewood Library Bookcases"
4,FUR-BO-10000468,Furniture,Bookcases,"O'Sullivan 2-Shelf Heavy-Duty Bookcases"
5,FUR-BO-10000711,Furniture,Bookcases,"Hon Metal Bookcases, Gray"
6,FUR-BO-10000780,Furniture,Bookcases,"O'Sullivan Plantations 2-Door Library in Landvery Oak"
7,FUR-BO-10001337,Furniture,Bookcases,"O'Sullivan Living Dimensions 2-Shelf Bookcases"
8,FUR-BO-10001519,Furniture,Bookcases,"O'Sullivan 3-Shelf Heavy-Duty Bookcases"
9,FUR-BO-10001567,Furniture,Bookcases,"Bush Westfield Collection Bookcases, Dark Cherry Finish, Fully Assembled"
10,FUR-BO-10001601,Furniture,Bookcases,"Sauder Mission Library with Doors, Fruitwood Finish"
11,FUR-BO-10001608,Furniture,Bookcases,"Hon Metal Bookcases, Black"
12,FUR-BO-10001619,Furniture,Bookcases,"O'Sullivan Cherrywood Estates Traditional Bookcase"
13,FUR-BO-10001798,Furniture,Bookcases,"Bush Somerset Collection Bookcase"
14,FUR-BO-10001811,Furniture,Bookcases,"Atlantic Metals Mobile 5-Shelf Bookcases, Custom Colors"
15,FUR-BO-10001918,Furniture,Bookcases,"Sauder Forest Hills Library with Doors, Woodland Oak Finish"
16,FUR-BO-10001972,Furniture,Bookcases,"O'Sullivan 4-Shelf Bookcase in Odessa Pine"
17,FUR-BO-10002202,Furniture,Bookcases,"Atlantic Metals Mobile 2-Shelf Bookcases, Custom Colors"
18,FUR-BO-10002206,Furniture,Bookcases,"Bush Saratoga Collection 5-Shelf Bookcase, Hanover Cherry, *Special Order"
19,FUR-BO-10002213,Furniture,Bookcases,"DMI Eclipse Executive Suite Bookcases"
20,FUR-BO-10002268,Furniture,Bookcases,"Sauder Barrister Bookcases"
21,FUR-BO-10002545,Furniture,Bookcases,"Atlantic Metals Mobile 3-Shelf Bookcases, Custom Colors"
22,FUR-BO-10002598,Furniture,Bookcases,"Hon Metal Bookcases, Putty"
23,FUR-BO-10002613,Furniture,Bookcases,"Atlantic Metals Mobile 4-Shelf Bookcases, Custom Colors"
24,FUR-BO-10002824,Furniture,Bookcases,"Bush Mission Pointe Library"
25,FUR-BO-10002853,Furniture,Bookcases,"O'Sullivan 5-Shelf Heavy-Duty Bookcases"
26,FUR-BO-10002916,Furniture,Bookcases,"Rush Hierlooms Collection 1" Thick Stackable Bookcases""
27,FUR-BO-10003034,Furniture,Bookcases,"O'Sullivan Elevations Bookcase, Cherry Finish"
28,FUR-BO-10003159,Furniture,Bookcases,"Sauder Camden County Collection Libraries, Planked Cherry Finish"
29,FUR-BO-10003272,Furniture,Bookcases,"O'Sullivan Living Dimensions 5-Shelf Bookcases"
30,FUR-BO-10003404,Furniture,Bookcases,"Global Adaptabilites Bookcase, Cherry/Storm Gray Finish"
31,FUR-BO-10003433,Furniture,Bookcases,"Sauder Cornerstone Collection Library"
32,FUR-BO-10003441,Furniture,Bookcases,"Bush Westfield Collection Bookcases, Fully Assembled"
33,FUR-BO-10003450,Furniture,Bookcases,"Bush Westfield Collection Bookcases, Dark Cherry Finish"
34,FUR-BO-10003546,Furniture,Bookcases,"Hon 4-Shelf Metal Bookcases"
35,FUR-BO-10003660,Furniture,Bookcases,"Bush Cubix Collection Bookcases, Fully Assembled"
36,FUR-BO-10003893,Furniture,Bookcases,"Sauder Camden County Collection Library"
37,FUR-BO-10003894,Furniture,Bookcases,"Safco Value Mate Steel Bookcase, Baked Enamel Finish on Steel, Black"
38,FUR-BO-10003965,Furniture,Bookcases,"O'Sullivan Manor Hill 2-Door Library in Brianna Oak"
39,FUR-BO-10003966,Furniture,Bookcases,"Sauder Facets Collection Library, Sky Alder Finish"
40,FUR-BO-10004015,Furniture,Bookcases,"Bush Andora Bookcase, Maple/Graphite Gray Finish"
41,FUR-BO-10004218,Furniture,Bookcases,"Bush Heritage Pine Collection 5-Shelf Bookcase, Albany Pine Finish, *Special Order"
42,FUR-BO-10004357,Furniture,Bookcases,"O'Sullivan Living Dimensions 3-Shelf Bookcases"
43,FUR-BO-10004360,Furniture,Bookcases,"Rush Hierlooms Collection Rich Wood Bookcases"
44,FUR-BO-10004409,Furniture,Bookcases,"Safco Value Mate Series Steel Bookcases, Baked Enamel Finish on Steel, Gray"
45,FUR-BO-10004467,Furniture,Bookcases,"Bestar Classic Bookcase"
46,FUR-BO-10004690,Furniture,Bookcases,"O'Sullivan Cherrywood Estates Traditional Barrister Bookcase"
47,FUR-BO-10004695,Furniture,Bookcases,"O'Sullivan 2-Door Barrister Bookcase in Odessa Pine"
48,FUR-BO-10004709,Furniture,Bookcases,"Bush Westfield Collection Bookcases, Medium Cherry Finish"
49,FUR-BO-10004834,Furniture,Bookcases,"Riverside Palais Royal Lawyers Bookcase, Royale Cherry Finish"
50,FUR-CH-10000015,Furniture,Chairs,"Hon Multipurpose Stacking Arm Chairs"
51,FUR-CH-10000155,Furniture,Chairs,"Global Comet Stacking Armless Chair"
52,FUR-CH-10000225,Furniture,Chairs,"Global Geo Office Task Chair, Gray"
53,FUR-CH-10000229,Furniture,Chairs,"Global Enterprise Series Seating High-Back Swivel/Tilt Chairs"
54,FUR-CH-10000309,Furniture,Chairs,"Global Comet Stacking Arm Chair"
55,FUR-CH-10000422,Furniture,Chairs,"Global Highback Leather Tilter in Burgundy"
56,FUR-CH-10000454,Furniture,Chairs,"Hon Deluxe Fabric Upholstered Stacking Chairs, Rounded Back"
57,FUR-CH-10000513,Furniture,Chairs,"High-Back Leather Manager's Chair"
58,FUR-CH-10000553,Furniture,Chairs,"Metal Folding Chairs, Beige, 4/Carton"
59,FUR-CH-10000595,Furniture,Chairs,"Safco Contoured Stacking Chairs"
60,FUR-CH-10000665,Furniture,Chairs,"Global Airflow Leather Mesh Back Chair, Black"
61,FUR-CH-10000749,Furniture,Chairs,"Office Star - Ergonomic Mid Back Chair with 2-Way Adjustable Arms"
62,FUR-CH-10000785,Furniture,Chairs,"Global Ergonomic Managers Chair"
63,FUR-CH-10000847,Furniture,Chairs,"Global Executive Mid-Back Manager's Chair"
64,FUR-CH-10000863,Furniture,Chairs,"Novimex Swivel Fabric Task Chair"
65,FUR-CH-10000988,Furniture,Chairs,"Hon Olson Stacker Stools"
66,FUR-CH-10001146,Furniture,Chairs,"Global Value Mid-Back Manager's Chair, Gray"
67,FUR-CH-10001190,Furniture,Chairs,"Global Deluxe High-Back Office Chair in Storm"
68,FUR-CH-10001215,Furniture,Chairs,"Global Troy Executive Leather Low-Back Tilter"
69,FUR-CH-10001270,Furniture,Chairs,"Harbour Creations Steel Folding Chair"
70,FUR-CH-10001394,Furniture,Chairs,"Global Leather Executive Chair"
71,FUR-CH-10001482,Furniture,Chairs,"Office Star - Mesh Screen back chair with Vinyl seat"
72,FUR-CH-10001545,Furniture,Chairs,"Hon Comfortask Task/Swivel Chairs"
73,FUR-CH-10001708,Furniture,Chairs,"Office Star - Contemporary Swivel Chair with Padded Adjustable Arms and Flex Back"
74,FUR-CH-10001714,Furniture,Chairs,"Global Leather & Oak Executive Chair, Burgundy"
75,FUR-CH-10001797,Furniture,Chairs,"Safco Chair Connectors, 6/Carton"
76,FUR-CH-10001802,Furniture,Chairs,"Hon Every-Day Chair Series Swivel Task Chairs"
77,FUR-CH-10001854,Furniture,Chairs,"Office Star - Professional Matrix Back Chair with 2-to-1 Synchro Tilt and Mesh Fabric Seat"
78,FUR-CH-10001891,Furniture,Chairs,"Global Deluxe Office Fabric Chairs"
79,FUR-CH-10001973,Furniture,Chairs,"Office Star Flex Back Scooter Chair with White Frame"
80,FUR-CH-10002017,Furniture,Chairs,"SAFCO Optional Arm Kit for Workspace Cribbage Stacking Chair"
81,FUR-CH-10002024,Furniture,Chairs,"HON 5400 Series Task Chairs for Big and Tall"
82,FUR-CH-10002044,Furniture,Chairs,"Office Star - Contemporary Task Swivel chair with 2-way adjustable arms, Plum"
83,FUR-CH-10002073,Furniture,Chairs,"Hon Olson Stacker Chairs"
84,FUR-CH-10002084,Furniture,Chairs,"Hon Mobius Operator's Chair"
85,FUR-CH-10002126,Furniture,Chairs,"Hon Deluxe Fabric Upholstered Stacking Chairs"
86,FUR-CH-10002304,Furniture,Chairs,"Global Stack Chair without Arms, Black"
87,FUR-CH-10002317,Furniture,Chairs,"Global Enterprise Series Seating Low-Back Swivel/Tilt Chairs"
88,FUR-CH-10002320,Furniture,Chairs,"Hon Pagoda Stacking Chairs"
89,FUR-CH-10002331,Furniture,Chairs,"Hon 4700 Series Mobuis Mid-Back Task Chairs with Adjustable Arms"
90,FUR-CH-10002335,Furniture,Chairs,"Hon GuestStacker Chair"
91,FUR-CH-10002372,Furniture,Chairs,"Office Star - Ergonomically Designed Knee Chair"
92,FUR-CH-10002439,Furniture,Chairs,"Iceberg Nesting Folding Chair, 19w x 6d x 43h"
93,FUR-CH-10002602,Furniture,Chairs,"DMI Arturo Collection Mission-style Design Wood Chair"
94,FUR-CH-10002647,Furniture,Chairs,"Situations Contoured Folding Chairs, 4/Set"
95,FUR-CH-10002758,Furniture,Chairs,"Hon Deluxe Fabric Upholstered Stacking Chairs, Squared Back"
96,FUR-CH-10002774,Furniture,Chairs,"Global Deluxe Stacking Chair, Gray"
97,FUR-CH-10002780,Furniture,Chairs,"Office Star - Task Chair with Contemporary Loop Arms"
98,FUR-CH-10002880,Furniture,Chairs,"Global High-Back Leather Tilter, Burgundy"
99,FUR-CH-10002961,Furniture,Chairs,"Leather Task Chair, Black"
100,FUR-CH-10002965,Furniture,Chairs,"Global Leather Highback Executive Chair with Pneumatic Height Adjustment, Black"
101,FUR-CH-10003061,Furniture,Chairs,"Global Leather Task Chair, Black"
102,FUR-CH-10003199,Furniture,Chairs,"Office Star - Contemporary Task Swivel Chair"
103,FUR-CH-10003298,Furniture,Chairs,"Office Star - Contemporary Task Swivel chair with Loop Arms, Charcoal"
104,FUR-CH-10003312,Furniture,Chairs,"Hon 2090 “Pillow Soft” Series Mid Back Swivel/Tilt Chairs"
105,FUR-CH-10003379,Furniture,Chairs,"Global Commerce Series High-Back Swivel/Tilt Chairs"
106,FUR-CH-10003396,Furniture,Chairs,"Global Deluxe Steno Chair"
107,FUR-CH-10003535,Furniture,Chairs,"Global Armless Task Chair, Royal Blue"
108,FUR-CH-10003606,Furniture,Chairs,"SAFCO Folding Chair Trolley"
109,FUR-CH-10003746,Furniture,Chairs,"Hon 4070 Series Pagoda Round Back Stacking Chairs"
110,FUR-CH-10003761,Furniture,Chairs,"Global Italian Leather Office Chair"
111,FUR-CH-10003774,Furniture,Chairs,"Global Wood Trimmed Manager's Task Chair, Khaki"
112,FUR-CH-10003817,Furniture,Chairs,"Global Value Steno Chair, Gray"
113,FUR-CH-10003833,Furniture,Chairs,"Novimex Fabric Task Chair"
114,FUR-CH-10003846,Furniture,Chairs,"Hon Valutask Swivel Chairs"
115,FUR-CH-10003956,Furniture,Chairs,"Novimex High-Tech Fabric Mesh Task Chair"
116,FUR-CH-10003968,Furniture,Chairs,"Novimex Turbo Task Chair"
117,FUR-CH-10003973,Furniture,Chairs,"GuestStacker Chair with Chrome Finish Legs"
118,FUR-CH-10003981,Furniture,Chairs,"Global Commerce Series Low-Back Swivel/Tilt Chairs"
119,FUR-CH-10004063,Furniture,Chairs,"Global Deluxe High-Back Manager's Chair"
120,FUR-CH-10004086,Furniture,Chairs,"Hon 4070 Series Pagoda Armless Upholstered Stacking Chairs"
121,FUR-CH-10004218,Furniture,Chairs,"Global Fabric Manager's Chair, Dark Gray"
122,FUR-CH-10004287,Furniture,Chairs,"SAFCO Arco Folding Chair"
123,FUR-CH-10004289,Furniture,Chairs,"Global Super Steno Chair"
124,FUR-CH-10004477,Furniture,Chairs,"Global Push Button Manager's Chair, Indigo"
125,FUR-CH-10004495,Furniture,Chairs,"Global Leather and Oak Executive Chair, Black"
126,FUR-CH-10004540,Furniture,Chairs,"Global Chrome Stack Chair"
127,FUR-CH-10004626,Furniture,Chairs,"Office Star Flex Back Scooter Chair with Aluminum Finish Frame"
128,FUR-CH-10004675,Furniture,Chairs,"Lifetime Advantage Folding Chairs, 4/Carton"
129,FUR-CH-10004698,Furniture,Chairs,"Padded Folding Chairs, Black, 4/Carton"
130,FUR-CH-10004754,Furniture,Chairs,"Global Stack Chair with Arms, Black"
131,FUR-CH-10004853,Furniture,Chairs,"Global Manager's Adjustable Task Chair, Storm"
132,FUR-CH-10004860,Furniture,Chairs,"Global Low Back Tilter Chair"
133,FUR-CH-10004875,Furniture,Chairs,"Harbour Creations 67200 Series Stacking Chairs"
134,FUR-CH-10004886,Furniture,Chairs,"Bevis Steel Folding Chairs"
135,FUR-CH-10004983,Furniture,Chairs,"Office Star - Mid Back Dual function Ergonomic High Back Chair with 2-Way Adjustable Arms"
136,FUR-CH-10004997,Furniture,Chairs,"Hon Every-Day Series Multi-Task Chairs"
137,FUR-FU-10000010,Furniture,Furnishings,"DAX Value U-Channel Document Frames, Easel Back"
138,FUR-FU-10000023,Furniture,Furnishings,"Eldon Wave Desk Accessories"
139,FUR-FU-10000073,Furniture,Furnishings,"Deflect-O Glasstique Clear Desk Accessories"
140,FUR-FU-10000076,Furniture,Furnishings,"24-Hour Round Wall Clock"
141,FUR-FU-10000087,Furniture,Furnishings,"Executive Impressions 14" Two-Color Numerals Wall Clock""
142,FUR-FU-10000175,Furniture,Furnishings,"DAX Wood Document Frame."
143,FUR-FU-10000193,Furniture,Furnishings,"Tenex Chairmats For Use with Hard Floors"
144,FUR-FU-10000206,Furniture,Furnishings,"GE General Purpose, Extra Long Life, Showcase & Floodlight Incandescent Bulbs"
145,FUR-FU-10000221,Furniture,Furnishings,"Master Caster Door Stop, Brown"
146,FUR-FU-10000222,Furniture,Furnishings,"Seth Thomas 16" Steel Case Clock""
147,FUR-FU-10000246,Furniture,Furnishings,"Aluminum Document Frame"
148,FUR-FU-10000277,Furniture,Furnishings,"Deflect-o DuraMat Antistatic Studded Beveled Mat for Medium Pile Carpeting"
149,FUR-FU-10000293,Furniture,Furnishings,"Eldon Antistatic Chair Mats for Low to Medium Pile Carpets"
150,FUR-FU-10000308,Furniture,Furnishings,"Deflect-o Glass Clear Studded Chair Mats"
151,FUR-FU-10000320,Furniture,Furnishings,"OIC Stacking Trays"
152,FUR-FU-10000397,Furniture,Furnishings,"Luxo Economy Swing Arm Lamp"
153,FUR-FU-10000409,Furniture,Furnishings,"GE 4 Foot Flourescent Tube, 40 Watt"
154,FUR-FU-10000448,Furniture,Furnishings,"Tenex Chairmats For Use With Carpeted Floors"
155,FUR-FU-10000521,Furniture,Furnishings,"Seth Thomas 14" Putty-Colored Wall Clock""
156,FUR-FU-10000550,Furniture,Furnishings,"Stacking Trays by OIC"
157,FUR-FU-10000576,Furniture,Furnishings,"Luxo Professional Fluorescent Magnifier Lamp with Clamp-Mount Base"
158,FUR-FU-10000629,Furniture,Furnishings,"9-3/4 Diameter Round Wall Clock"
159,FUR-FU-10000672,Furniture,Furnishings,"Executive Impressions 10" Spectator Wall Clock""
160,FUR-FU-10000719,Furniture,Furnishings,"DAX Cubicle Frames, 8-1/2 x 11"
161,FUR-FU-10000723,Furniture,Furnishings,"Deflect-o EconoMat Studded, No Bevel Mat for Low Pile Carpeting"
162,FUR-FU-10000732,Furniture,Furnishings,"Eldon 200 Class Desk Accessories"
163,FUR-FU-10000747,Furniture,Furnishings,"Tenex B1-RE Series Chair Mats for Low Pile Carpets"
164,FUR-FU-10000755,Furniture,Furnishings,"Eldon Expressions Mahogany Wood Desk Collection"
165,FUR-FU-10000758,Furniture,Furnishings,"DAX Natural Wood-Tone Poster Frame"
166,FUR-FU-10000771,Furniture,Furnishings,"Eldon 200 Class Desk Accessories, Smoke"
167,FUR-FU-10000794,Furniture,Furnishings,"Eldon Stackable Tray, Side-Load, Legal, Smoke"
168,FUR-FU-10000820,Furniture,Furnishings,"Tensor Brushed Steel Torchiere Floor Lamp"
169,FUR-FU-10000965,Furniture,Furnishings,"Howard Miller 11-1/2" Diameter Ridgewood Wall Clock""
170,FUR-FU-10001025,Furniture,Furnishings,"Eldon Imàge Series Desk Accessories, Clear"
171,FUR-FU-10001037,Furniture,Furnishings,"DAX Charcoal/Nickel-Tone Document Frame, 5 x 7"
172,FUR-FU-10001057,Furniture,Furnishings,"Tensor Track Tree Floor Lamp"
173,FUR-FU-10001085,Furniture,Furnishings,"3M Polarizing Light Filter Sleeves"
174,FUR-FU-10001095,Furniture,Furnishings,"DAX Black Cherry Wood-Tone Poster Frame"
175,FUR-FU-10001185,Furniture,Furnishings,"Advantus Employee of the Month Certificate Frame, 11 x 13-1/2"
176,FUR-FU-10001196,Furniture,Furnishings,"DAX Cubicle Frames - 8x10"
177,FUR-FU-10001215,Furniture,Furnishings,"Howard Miller 11-1/2" Diameter Brentwood Wall Clock""
178,FUR-FU-10001290,Furniture,Furnishings,"Executive Impressions Supervisor Wall Clock"
179,FUR-FU-10001379,Furniture,Furnishings,"Executive Impressions 16-1/2" Circular Wall Clock""
180,FUR-FU-10001424,Furniture,Furnishings,"Dax Clear Box Frame"
181,FUR-FU-10001468,Furniture,Furnishings,"Tenex Antistatic Computer Chair Mats"
182,FUR-FU-10001473,Furniture,Furnishings,"DAX Wood Document Frame"
183,FUR-FU-10001487,Furniture,Furnishings,"Eldon Expressions Wood and Plastic Desk Accessories, Cherry Wood"
184,FUR-FU-10001546,Furniture,Furnishings,"Dana Swing-Arm Lamps"
185,FUR-FU-10001588,Furniture,Furnishings,"Deflect-o SuperTray Unbreakable Stackable Tray, Letter, Black"
186,FUR-FU-10001591,Furniture,Furnishings,"Advantus Panel Wall Certificate Holder - 8.5x11"
187,FUR-FU-10001617,Furniture,Furnishings,"Executive Impressions 8-1/2" Career Panel/Partition Cubicle Clock""
188,FUR-FU-10001706,Furniture,Furnishings,"Longer-Life Soft White Bulbs"
189,FUR-FU-10001731,Furniture,Furnishings,"Acrylic Self-Standing Desk Frames"
190,FUR-FU-10001756,Furniture,Furnishings,"Eldon Expressions Desk Accessory, Wood Photo Frame, Mahogany"
191,FUR-FU-10001847,Furniture,Furnishings,"Eldon Image Series Black Desk Accessories"
192,FUR-FU-10001852,Furniture,Furnishings,"Eldon Regeneration Recycled Desk Accessories, Smoke"
193,FUR-FU-10001861,Furniture,Furnishings,"Floodlight Indoor Halogen Bulbs, 1 Bulb per Pack, 60 Watts"
194,FUR-FU-10001867,Furniture,Furnishings,"Eldon Expressions Punched Metal & Wood Desk Accessories, Pewter & Cherry"
195,FUR-FU-10001876,Furniture,Furnishings,"Computer Room Manger, 14"""
196,FUR-FU-10001889,Furniture,Furnishings,"Ultra Door Pull Handle"
197,FUR-FU-10001918,Furniture,Furnishings,"C-Line Cubicle Keepers Polyproplyene Holder With Velcro Backings"
198,FUR-FU-10001934,Furniture,Furnishings,"Magnifier Swing Arm Lamp"
199,FUR-FU-10001935,Furniture,Furnishings,"3M Hangers With Command Adhesive"
200,FUR-FU-10001940,Furniture,Furnishings,"Staple-based wall hangings"
201,FUR-FU-10001967,Furniture,Furnishings,"Telescoping Adjustable Floor Lamp"
202,FUR-FU-10001979,Furniture,Furnishings,"Dana Halogen Swing-Arm Architect Lamp"
203,FUR-FU-10001986,Furniture,Furnishings,"Dana Fluorescent Magnifying Lamp, White, 36"""
204,FUR-FU-10002030,Furniture,Furnishings,"Executive Impressions 14" Contract Wall Clock with Quartz Movement""
205,FUR-FU-10002045,Furniture,Furnishings,"Executive Impressions 14"""
206,FUR-FU-10002088,Furniture,Furnishings,"Nu-Dell Float Frame 11 x 14 1/2"
207,FUR-FU-10002107,Furniture,Furnishings,"Eldon Pizzaz Desk Accessories"
208,FUR-FU-10002111,Furniture,Furnishings,"Master Caster Door Stop, Large Brown"
209,FUR-FU-10002116,Furniture,Furnishings,"Tenex Carpeted, Granite-Look or Clear Contemporary Contour Shape Chair Mats"
210,FUR-FU-10002157,Furniture,Furnishings,"Artistic Insta-Plaque"
211,FUR-FU-10002191,Furniture,Furnishings,"G.E. Halogen Desk Lamp Bulbs"
212,FUR-FU-10002240,Furniture,Furnishings,"Nu-Dell EZ-Mount Plastic Wall Frames"
213,FUR-FU-10002253,Furniture,Furnishings,"Howard Miller 13" Diameter Pewter Finish Round Wall Clock""
214,FUR-FU-10002268,Furniture,Furnishings,"Ultra Door Push Plate"
215,FUR-FU-10002364,Furniture,Furnishings,"Eldon Expressions Wood Desk Accessories, Oak"
216,FUR-FU-10002379,Furniture,Furnishings,"Eldon Econocleat Chair Mats for Low Pile Carpets"
217,FUR-FU-10002396,Furniture,Furnishings,"DAX Copper Panel Document Frame, 5 x 7 Size"
218,FUR-FU-10002445,Furniture,Furnishings,"DAX Two-Tone Rosewood/Black Document Frame, Desktop, 5 x 7"
219,FUR-FU-10002456,Furniture,Furnishings,"Master Caster Door Stop, Large Neon Orange"
220,FUR-FU-10002501,Furniture,Furnishings,"Nu-Dell Executive Frame"
221,FUR-FU-10002505,Furniture,Furnishings,"Eldon 100 Class Desk Accessories"
222,FUR-FU-10002506,Furniture,Furnishings,"Tensor "Hersey Kiss"" Styled Floor Lamp""
223,FUR-FU-10002508,Furniture,Furnishings,"Document Clip Frames"
224,FUR-FU-10002553,Furniture,Furnishings,"Electrix Incandescent Magnifying Lamp, Black"
225,FUR-FU-10002554,Furniture,Furnishings,"Westinghouse Floor Lamp with Metal Mesh Shade, Black"
226,FUR-FU-10002597,Furniture,Furnishings,"C-Line Magnetic Cubicle Keepers, Clear Polypropylene"
227,FUR-FU-10002671,Furniture,Furnishings,"Electrix 20W Halogen Replacement Bulb for Zoom-In Desk Lamp"
228,FUR-FU-10002685,Furniture,Furnishings,"Executive Impressions 13-1/2" Indoor/Outdoor Wall Clock""
229,FUR-FU-10002703,Furniture,Furnishings,"Tenex Traditional Chairmats for Hard Floors, Average Lip, 36" x 48""""
230,FUR-FU-10002759,Furniture,Furnishings,"12-1/2 Diameter Round Wall Clock"
231,FUR-FU-10002813,Furniture,Furnishings,"DAX Contemporary Wood Frame with Silver Metal Mat, Desktop, 11 x 14 Size"
232,FUR-FU-10002874,Furniture,Furnishings,"Ultra Commercial Grade Dual Valve Door Closer"
233,FUR-FU-10002878,Furniture,Furnishings,"Seth Thomas 14" Day/Date Wall Clock""
234,FUR-FU-10002885,Furniture,Furnishings,"Magna Visual Magnetic Picture Hangers"
235,FUR-FU-10002918,Furniture,Furnishings,"Eldon ClusterMat Chair Mat with Cordless Antistatic Protection"
236,FUR-FU-10002960,Furniture,Furnishings,"Eldon 200 Class Desk Accessories, Burgundy"
237,FUR-FU-10002963,Furniture,Furnishings,"Master Caster Door Stop, Gray"
238,FUR-FU-10003026,Furniture,Furnishings,"Eldon Regeneration Recycled Desk Accessories, Black"
239,FUR-FU-10003039,Furniture,Furnishings,"Howard Miller 11-1/2" Diameter Grantwood Wall Clock""
240,FUR-FU-10003095,Furniture,Furnishings,"Linden 12" Wall Clock With Oak Frame""
241,FUR-FU-10003096,Furniture,Furnishings,"Master Giant Foot Doorstop, Safety Yellow"
242,FUR-FU-10003142,Furniture,Furnishings,"Master Big Foot Doorstop, Beige"
243,FUR-FU-10003192,Furniture,Furnishings,"Luxo Adjustable Task Clamp Lamp"
244,FUR-FU-10003194,Furniture,Furnishings,"Eldon Expressions Desk Accessory, Wood Pencil Holder, Oak"
245,FUR-FU-10003247,Furniture,Furnishings,"36X48 HARDFLOOR CHAIRMAT"
246,FUR-FU-10003268,Furniture,Furnishings,"Eldon Radial Chair Mat for Low to Medium Pile Carpets"
247,FUR-FU-10003274,Furniture,Furnishings,"Regeneration Desk Collection"
248,FUR-FU-10003347,Furniture,Furnishings,"Coloredge Poster Frame"
249,FUR-FU-10003374,Furniture,Furnishings,"Electrix Fluorescent Magnifier Lamps & Weighted Base"
250,FUR-FU-10003394,Furniture,Furnishings,"Tenex "The Solids"" Textured Chair Mats""
251,FUR-FU-10003424,Furniture,Furnishings,"Nu-Dell Oak Frame"
252,FUR-FU-10003464,Furniture,Furnishings,"Seth Thomas 8 1/2" Cubicle Clock""
253,FUR-FU-10003489,Furniture,Furnishings,"Contemporary Borderless Frame"
254,FUR-FU-10003535,Furniture,Furnishings,"Howard Miller Distant Time Traveler Alarm Clock"
255,FUR-FU-10003553,Furniture,Furnishings,"Howard Miller 13-1/2" Diameter Rosebrook Wall Clock""
256,FUR-FU-10003577,Furniture,Furnishings,"Nu-Dell Leatherette Frames"
257,FUR-FU-10003601,Furniture,Furnishings,"Deflect-o RollaMat Studded, Beveled Mat for Medium Pile Carpeting"
258,FUR-FU-10003623,Furniture,Furnishings,"DataProducts Ampli Magnifier Task Lamp, Black,"
259,FUR-FU-10003664,Furniture,Furnishings,"Electrix Architect's Clamp-On Swing Arm Lamp, Black"
260,FUR-FU-10003691,Furniture,Furnishings,"Eldon Image Series Desk Accessories, Ebony"
261,FUR-FU-10003708,Furniture,Furnishings,"Tenex Traditional Chairmats for Medium Pile Carpet, Standard Lip, 36" x 48""""
262,FUR-FU-10003724,Furniture,Furnishings,"Westinghouse Clip-On Gooseneck Lamps"
263,FUR-FU-10003731,Furniture,Furnishings,"Eldon Expressions Wood and Plastic Desk Accessories, Oak"
264,FUR-FU-10003773,Furniture,Furnishings,"Eldon Cleatmat Plus Chair Mats for High Pile Carpets"
265,FUR-FU-10003798,Furniture,Furnishings,"Ultra Door Kickplate, 8"H x 34""W""
266,FUR-FU-10003799,Furniture,Furnishings,"Seth Thomas 13 1/2" Wall Clock""
267,FUR-FU-10003806,Furniture,Furnishings,"Tenex Chairmat w/ Average Lip, 45" x 53""""
268,FUR-FU-10003829,Furniture,Furnishings,"Stackable Trays"
269,FUR-FU-10003832,Furniture,Furnishings,"Eldon Expressions Punched Metal & Wood Desk Accessories, Black & Cherry"
270,FUR-FU-10003849,Furniture,Furnishings,"DAX Metal Frame, Desktop, Stepped-Edge"
271,FUR-FU-10003919,Furniture,Furnishings,"Eldon Executive Woodline II Cherry Finish Desk Accessories"
272,FUR-FU-10003930,Furniture,Furnishings,"Howard Miller 12-3/4 Diameter Accuwave DS  Wall Clock"
273,FUR-FU-10003975,Furniture,Furnishings,"Eldon Advantage Chair Mats for Low to Medium Pile Carpets"
274,FUR-FU-10003976,Furniture,Furnishings,"DAX Executive Solid Wood Document Frame, Desktop or Hang, Mahogany, 5 x 7"
275,FUR-FU-10003981,Furniture,Furnishings,"Eldon Wave Desk Accessories"
276,FUR-FU-10004006,Furniture,Furnishings,"Deflect-o DuraMat Lighweight, Studded, Beveled Mat for Low Pile Carpeting"
277,FUR-FU-10004017,Furniture,Furnishings,"Tenex Contemporary Contur Chairmats for Low and Medium Pile Carpet, Computer, 39" x 49""""
278,FUR-FU-10004018,Furniture,Furnishings,"Tensor Computer Mounted Lamp"
279,FUR-FU-10004020,Furniture,Furnishings,"Advantus Panel Wall Acrylic Frame"
280,FUR-FU-10004053,Furniture,Furnishings,"DAX Two-Tone Silver Metal Document Frame"
281,FUR-FU-10004071,Furniture,Furnishings,"Luxo Professional Magnifying Clamp-On Fluorescent Lamps"
282,FUR-FU-10004090,Furniture,Furnishings,"Executive Impressions 14" Contract Wall Clock""
283,FUR-FU-10004091,Furniture,Furnishings,"Howard Miller 13" Diameter Goldtone Round Wall Clock""
284,FUR-FU-10004093,Furniture,Furnishings,"Hand-Finished Solid Wood Document Frame"
285,FUR-FU-10004164,Furniture,Furnishings,"Eldon 300 Class Desk Accessories, Black"
286,FUR-FU-10004188,Furniture,Furnishings,"Luxo Professional Combination Clamp-On Lamps"
287,FUR-FU-10004270,Furniture,Furnishings,"Eldon Image Series Desk Accessories, Burgundy"
288,FUR-FU-10004306,Furniture,Furnishings,"Electrix Halogen Magnifier Lamp"
289,FUR-FU-10004351,Furniture,Furnishings,"Staple-based wall hangings"
290,FUR-FU-10004415,Furniture,Furnishings,"Stacking Tray, Side-Loading, Legal, Smoke"
291,FUR-FU-10004460,Furniture,Furnishings,"Howard Miller 12" Round Wall Clock""
292,FUR-FU-10004586,Furniture,Furnishings,"G.E. Longer-Life Indoor Recessed Floodlight Bulbs"
293,FUR-FU-10004587,Furniture,Furnishings,"GE General Use Halogen Bulbs, 100 Watts, 1 Bulb per Pack"
294,FUR-FU-10004597,Furniture,Furnishings,"Eldon Cleatmat Chair Mats for Medium Pile Carpets"
295,FUR-FU-10004622,Furniture,Furnishings,"Eldon Advantage Foldable Chair Mats for Low Pile Carpets"
296,FUR-FU-10004665,Furniture,Furnishings,"3M Polarizing Task Lamp with Clamp Arm, Light Gray"
297,FUR-FU-10004666,Furniture,Furnishings,"DAX Clear Channel Poster Frame"
298,FUR-FU-10004671,Furniture,Furnishings,"Executive Impressions 12" Wall Clock""
299,FUR-FU-10004712,Furniture,Furnishings,"Westinghouse Mesh Shade Clip-On Gooseneck Lamp, Black"
300,FUR-FU-10004748,Furniture,Furnishings,"Howard Miller 16" Diameter Gallery Wall Clock""
301,FUR-FU-10004845,Furniture,Furnishings,"Deflect-o EconoMat Nonstudded, No Bevel Mat"
302,FUR-FU-10004848,Furniture,Furnishings,"Howard Miller 13-3/4" Diameter Brushed Chrome Round Wall Clock""
303,FUR-FU-10004864,Furniture,Furnishings,"Howard Miller 14-1/2" Diameter Chrome Round Wall Clock""
304,FUR-FU-10004904,Furniture,Furnishings,"Eldon "L"" Workstation Diamond Chairmat""
305,FUR-FU-10004909,Furniture,Furnishings,"Contemporary Wood/Metal Frame"
306,FUR-FU-10004952,Furniture,Furnishings,"C-Line Cubicle Keepers Polyproplyene Holder w/Velcro Back, 8-1/2x11, 25/Bx"
307,FUR-FU-10004960,Furniture,Furnishings,"Seth Thomas 12" Clock w/ Goldtone Case""
308,FUR-FU-10004963,Furniture,Furnishings,"Eldon 400 Class Desk Accessories, Black Carbon"
309,FUR-FU-10004973,Furniture,Furnishings,"Flat Face Poster Frame"
310,FUR-TA-10000198,Furniture,Tables,"Chromcraft Bull-Nose Wood Oval Conference Tables & Bases"
311,FUR-TA-10000577,Furniture,Tables,"Bretford CR4500 Series Slim Rectangular Table"
312,FUR-TA-10000617,Furniture,Tables,"Hon Practical Foundations 30 x 60 Training Table, Light Gray/Charcoal"
313,FUR-TA-10000688,Furniture,Tables,"Chromcraft Bull-Nose Wood Round Conference Table Top, Wood Base"
314,FUR-TA-10000849,Furniture,Tables,"Bevis Rectangular Conference Tables"
315,FUR-TA-10001039,Furniture,Tables,"KI Adjustable-Height Table"
316,FUR-TA-10001086,Furniture,Tables,"SAFCO PlanMaster Boards, 60w x 37-1/2d, White Melamine"
317,FUR-TA-10001095,Furniture,Tables,"Chromcraft Round Conference Tables"
318,FUR-TA-10001307,Furniture,Tables,"SAFCO PlanMaster Heigh-Adjustable Drafting Table Base, 43w x 30d x 30-37h, Black"
319,FUR-TA-10001520,Furniture,Tables,"Lesro Sheffield Collection Coffee Table, End Table, Center Table, Corner Table"
320,FUR-TA-10001539,Furniture,Tables,"Chromcraft Rectangular Conference Tables"
321,FUR-TA-10001676,Furniture,Tables,"Hon 61000 Series Interactive Training Tables"
322,FUR-TA-10001691,Furniture,Tables,"Barricks Non-Folding Utility Table with Steel Legs, Laminate Tops"
323,FUR-TA-10001705,Furniture,Tables,"Bush Advantage Collection Round Conference Table"
324,FUR-TA-10001768,Furniture,Tables,"Hon Racetrack Conference Tables"
325,FUR-TA-10001771,Furniture,Tables,"Bush Cubix Conference Tables, Fully Assembled"
326,FUR-TA-10001857,Furniture,Tables,"Balt Solid Wood Rectangular Table"
327,FUR-TA-10001866,Furniture,Tables,"Bevis Round Conference Room Tables and Bases"
328,FUR-TA-10001889,Furniture,Tables,"Bush Advantage Collection Racetrack Conference Table"
329,FUR-TA-10001932,Furniture,Tables,"Chromcraft 48" x 96"" Racetrack Double Pedestal Table""
330,FUR-TA-10001950,Furniture,Tables,"Balt Solid Wood Round Tables"
331,FUR-TA-10002041,Furniture,Tables,"Bevis Round Conference Table Top, X-Base"
332,FUR-TA-10002228,Furniture,Tables,"Bevis Traditional Conference Table Top, Plinth Base"
333,FUR-TA-10002356,Furniture,Tables,"Bevis Boat-Shaped Conference Table"
334,FUR-TA-10002530,Furniture,Tables,"Iceberg OfficeWorks 42" Round Tables""
335,FUR-TA-10002533,Furniture,Tables,"BPI Conference Tables"
336,FUR-TA-10002607,Furniture,Tables,"KI Conference Tables"
337,FUR-TA-10002622,Furniture,Tables,"Bush Andora Conference Table, Maple/Graphite Gray Finish"
338,FUR-TA-10002645,Furniture,Tables,"Hon Rectangular Conference Tables"
339,FUR-TA-10002774,Furniture,Tables,"Laminate Occasional Tables"
340,FUR-TA-10002855,Furniture,Tables,"Bevis Round Conference Table Top & Single Column Base"
341,FUR-TA-10002903,Furniture,Tables,"Bevis Round Bullnose 29" High Table Top""
342,FUR-TA-10002958,Furniture,Tables,"Bevis Oval Conference Table, Walnut"
343,FUR-TA-10003008,Furniture,Tables,"Lesro Round Back Collection Coffee Table, End Table"
344,FUR-TA-10003238,Furniture,Tables,"Chromcraft Bull-Nose Wood 48" x 96"" Rectangular Conference Tables""
345,FUR-TA-10003392,Furniture,Tables,"Global Adaptabilities Conference Tables"
346,FUR-TA-10003469,Furniture,Tables,"Balt Split Level Computer Training Table"
347,FUR-TA-10003473,Furniture,Tables,"Bretford Rectangular Conference Table Tops"
348,FUR-TA-10003569,Furniture,Tables,"Bretford CR8500 Series Meeting Room Furniture"
349,FUR-TA-10003715,Furniture,Tables,"Hon 2111 Invitation Series Corner Table"
350,FUR-TA-10003748,Furniture,Tables,"Bevis 36 x 72 Conference Tables"
351,FUR-TA-10003837,Furniture,Tables,"Anderson Hickey Conga Table Tops & Accessories"
352,FUR-TA-10003954,Furniture,Tables,"Hon 94000 Series Round Tables"
353,FUR-TA-10004086,Furniture,Tables,"KI Adjustable-Height Table"
354,FUR-TA-10004147,Furniture,Tables,"Hon 4060 Series Tables"
355,FUR-TA-10004152,Furniture,Tables,"Barricks 18" x 48"" Non-Folding Utility Table with Bottom Storage Shelf""
356,FUR-TA-10004154,Furniture,Tables,"Riverside Furniture Oval Coffee Table, Oval End Table, End Table with Drawer"
357,FUR-TA-10004175,Furniture,Tables,"Hon 30" x 60"" Table with Locking Drawer""
358,FUR-TA-10004256,Furniture,Tables,"Bretford “Just In Time” Height-Adjustable Multi-Task Work Tables"
359,FUR-TA-10004289,Furniture,Tables,"BoxOffice By Design Rectangular and Half-Moon Meeting Room Tables"
360,FUR-TA-10004442,Furniture,Tables,"Riverside Furniture Stanwyck Manor Table Series"
361,FUR-TA-10004534,Furniture,Tables,"Bevis 44 x 96 Conference Tables"
362,FUR-TA-10004575,Furniture,Tables,"Hon 5100 Series Wood Tables"
363,FUR-TA-10004607,Furniture,Tables,"Hon 2111 Invitation Series Straight Table"
364,FUR-TA-10004619,Furniture,Tables,"Hon Non-Folding Utility Tables"
365,FUR-TA-10004767,Furniture,Tables,"Safco Drafting Table"
366,FUR-TA-10004915,Furniture,Tables,"Office Impressions End Table, 20-1/2"H x 24""W x 20""D""
367,OFF-AP-10000026,"Office Supplies",Appliances,"Tripp Lite Isotel 6 Outlet Surge Protector with Fax/Modem Protection"
368,OFF-AP-10000027,"Office Supplies",Appliances,"Hoover Commercial SteamVac"
369,OFF-AP-10000055,"Office Supplies",Appliances,"Belkin F9S820V06 8 Outlet Surge"
370,OFF-AP-10000124,"Office Supplies",Appliances,"Acco 6 Outlet Guardian Basic Surge Suppressor"
371,OFF-AP-10000159,"Office Supplies",Appliances,"Belkin F9M820V08 8 Outlet Surge"
372,OFF-AP-10000179,"Office Supplies",Appliances,"Honeywell Enviracaire Portable HEPA Air Cleaner for up to 10 x 16 Room"
373,OFF-AP-10000240,"Office Supplies",Appliances,"Belkin F9G930V10-GRY 9 Outlet Surge"
374,OFF-AP-10000252,"Office Supplies",Appliances,"Harmony HEPA Quiet Air Purifiers"
375,OFF-AP-10000275,"Office Supplies",Appliances,"Sanyo Counter Height Refrigerator with Crisper, 3.6 Cubic Foot, Stainless Steel/Black"
376,OFF-AP-10000326,"Office Supplies",Appliances,"Belkin 7 Outlet SurgeMaster Surge Protector with Phone Protection"
377,OFF-AP-10000358,"Office Supplies",Appliances,"Fellowes Basic Home/Office Series Surge Protectors"
378,OFF-AP-10000390,"Office Supplies",Appliances,"Euro Pro Shark Stick Mini Vacuum"
379,OFF-AP-10000576,"Office Supplies",Appliances,"Belkin 7 Outlet SurgeMaster II"
380,OFF-AP-10000595,"Office Supplies",Appliances,"Disposable Triple-Filter Dust Bags"
381,OFF-AP-10000692,"Office Supplies",Appliances,"Fellowes Mighty 8 Compact Surge Protector"
382,OFF-AP-10000696,"Office Supplies",Appliances,"Holmes Odor Grabber"
383,OFF-AP-10000804,"Office Supplies",Appliances,"Hoover Portapower Portable Vacuum"
384,OFF-AP-10000828,"Office Supplies",Appliances,"Avanti 4.4 Cu. Ft. Refrigerator"
385,OFF-AP-10000891,"Office Supplies",Appliances,"Kensington 7 Outlet MasterPiece HOMEOFFICE Power Control Center"
386,OFF-AP-10000938,"Office Supplies",Appliances,"Avanti 1.7 Cu. Ft. Refrigerator"
387,OFF-AP-10001005,"Office Supplies",Appliances,"Honeywell Quietcare HEPA Air Cleaner"
388,OFF-AP-10001058,"Office Supplies",Appliances,"Sanyo 2.5 Cubic Foot Mid-Size Office Refrigerators"
389,OFF-AP-10001124,"Office Supplies",Appliances,"Belkin 8 Outlet SurgeMaster II Gold Surge Protector with Phone Protection"
390,OFF-AP-10001154,"Office Supplies",Appliances,"Bionaire Personal Warm Mist Humidifier/Vaporizer"
391,OFF-AP-10001205,"Office Supplies",Appliances,"Belkin 5 Outlet SurgeMaster Power Centers"
392,OFF-AP-10001242,"Office Supplies",Appliances,"APC 7 Outlet Network SurgeArrest Surge Protector"
393,OFF-AP-10001271,"Office Supplies",Appliances,"Eureka The Boss Cordless Rechargeable Stick Vac"
394,OFF-AP-10001293,"Office Supplies",Appliances,"Belkin 8 Outlet Surge Protector"
395,OFF-AP-10001303,"Office Supplies",Appliances,"Holmes Cool Mist Humidifier for the Whole House with 8-Gallon Output per Day, Extended Life Filter"
396,OFF-AP-10001366,"Office Supplies",Appliances,"Staple holder"
397,OFF-AP-10001391,"Office Supplies",Appliances,"Kensington 6 Outlet MasterPiece HOMEOFFICE Power Control Center"
398,OFF-AP-10001394,"Office Supplies",Appliances,"Harmony Air Purifier"
399,OFF-AP-10001469,"Office Supplies",Appliances,"Fellowes 8 Outlet Superior Workstation Surge Protector"
400,OFF-AP-10001492,"Office Supplies",Appliances,"Acco Six-Outlet Power Strip, 4' Cord Length"
401,OFF-AP-10001563,"Office Supplies",Appliances,"Belkin Premiere Surge Master II 8-outlet surge protector"
402,OFF-AP-10001564,"Office Supplies",Appliances,"Hoover Commercial Lightweight Upright Vacuum with E-Z Empty Dirt Cup"
403,OFF-AP-10001626,"Office Supplies",Appliances,"Commercial WindTunnel Clean Air Upright Vacuum, Replacement Belts, Filtration Bags"
404,OFF-AP-10001634,"Office Supplies",Appliances,"Hoover Commercial Lightweight Upright Vacuum"
405,OFF-AP-10001947,"Office Supplies",Appliances,"Acco 6 Outlet Guardian Premium Plus Surge Suppressor"
406,OFF-AP-10001962,"Office Supplies",Appliances,"Black & Decker Filter for Double Action Dustbuster Cordless Vac BLDV7210"
407,OFF-AP-10002082,"Office Supplies",Appliances,"Holmes HEPA Air Purifier"
408,OFF-AP-10002118,"Office Supplies",Appliances,"1.7 Cubic Foot Compact "Cube"" Office Refrigerators""
409,OFF-AP-10002191,"Office Supplies",Appliances,"Belkin 8 Outlet SurgeMaster II Gold Surge Protector"
410,OFF-AP-10002203,"Office Supplies",Appliances,"Eureka Disposable Bags for Sanitaire Vibra Groomer I Upright Vac"
411,OFF-AP-10002222,"Office Supplies",Appliances,"Staple holder"
412,OFF-AP-10002287,"Office Supplies",Appliances,"Eureka Sanitaire  Multi-Pro Heavy-Duty Upright, Disposable Bags"
413,OFF-AP-10002311,"Office Supplies",Appliances,"Holmes Replacement Filter for HEPA Air Cleaner, Very Large Room, HEPA Filter"
414,OFF-AP-10002350,"Office Supplies",Appliances,"Belkin F9H710-06 7 Outlet SurgeMaster Surge Protector"
415,OFF-AP-10002403,"Office Supplies",Appliances,"Acco Smartsocket Color-Coded Six-Outlet AC Adapter Model Surge Protectors"
416,OFF-AP-10002439,"Office Supplies",Appliances,"Tripp Lite Isotel 8 Ultra 8 Outlet Metal Surge"
417,OFF-AP-10002457,"Office Supplies",Appliances,"Eureka The Boss Plus 12-Amp Hard Box Upright Vacuum, Red"
418,OFF-AP-10002472,"Office Supplies",Appliances,"3M Office Air Cleaner"
419,OFF-AP-10002495,"Office Supplies",Appliances,"Acco Smartsocket Table Surge Protector, 6 Color-Coded Adapter Outlets"
420,OFF-AP-10002518,"Office Supplies",Appliances,"Kensington 7 Outlet MasterPiece Power Center"
421,OFF-AP-10002534,"Office Supplies",Appliances,"3.6 Cubic Foot Counter Height Office Refrigerator"
422,OFF-AP-10002578,"Office Supplies",Appliances,"Fellowes Premier Superior Surge Suppressor, 10-Outlet, With Phone and Remote"
423,OFF-AP-10002651,"Office Supplies",Appliances,"Hoover Upright Vacuum With Dirt Cup"
424,OFF-AP-10002670,"Office Supplies",Appliances,"Belkin 8-Outlet Premiere SurgeMaster II Surge Protectors"
425,OFF-AP-10002684,"Office Supplies",Appliances,"Acco 7-Outlet Masterpiece Power Center, Wihtout Fax/Phone Line Protection"
426,OFF-AP-10002734,"Office Supplies",Appliances,"Holmes Harmony HEPA Air Purifier for 17 x 20 Room"
427,OFF-AP-10002765,"Office Supplies",Appliances,"Fellowes Advanced Computer Series Surge Protectors"
428,OFF-AP-10002867,"Office Supplies",Appliances,"Fellowes Command Center 5-outlet power strip"
429,OFF-AP-10002892,"Office Supplies",Appliances,"Belkin F5C206VTEL 6 Outlet Surge"
430,OFF-AP-10002906,"Office Supplies",Appliances,"Hoover Replacement Belt for Commercial Guardsman Heavy-Duty Upright Vacuum"
431,OFF-AP-10002945,"Office Supplies",Appliances,"Honeywell Enviracaire Portable HEPA Air Cleaner for 17' x 22' Room"
432,OFF-AP-10002998,"Office Supplies",Appliances,"Holmes 99% HEPA Air Purifier"
433,OFF-AP-10003040,"Office Supplies",Appliances,"Fellowes 8 Outlet Superior Workstation Surge Protector w/o Phone/Fax/Modem Protection"
434,OFF-AP-10003057,"Office Supplies",Appliances,"Honeywell Enviracaire Portable HEPA Air Cleaner for 16' x 20' Room"
435,OFF-AP-10003099,"Office Supplies",Appliances,"Eureka Hand Vacuum, Bagless"
436,OFF-AP-10003217,"Office Supplies",Appliances,"Eureka Sanitaire  Commercial Upright"
437,OFF-AP-10003266,"Office Supplies",Appliances,"Holmes Replacement Filter for HEPA Air Cleaner, Large Room"
438,OFF-AP-10003278,"Office Supplies",Appliances,"Belkin 7-Outlet SurgeMaster Home Series"
439,OFF-AP-10003281,"Office Supplies",Appliances,"Acco 6 Outlet Guardian Standard Surge Suppressor"
440,OFF-AP-10003287,"Office Supplies",Appliances,"Tripp Lite TLP810NET Broadband Surge for Modem/Fax"
441,OFF-AP-10003590,"Office Supplies",Appliances,"Hoover WindTunnel Plus Canister Vacuum"
442,OFF-AP-10003622,"Office Supplies",Appliances,"Bravo II Megaboss 12-Amp Hard Body Upright, Replacement Belts, 2 Belts per Pack"
443,OFF-AP-10003779,"Office Supplies",Appliances,"Kensington 7 Outlet MasterPiece Power Center with Fax/Phone Line Protection"
444,OFF-AP-10003842,"Office Supplies",Appliances,"Euro-Pro Shark Turbo Vacuum"
445,OFF-AP-10003849,"Office Supplies",Appliances,"Hoover Shoulder Vac Commercial Portable Vacuum"
446,OFF-AP-10003860,"Office Supplies",Appliances,"Fellowes Advanced 8 Outlet Surge Suppressor with Phone/Fax Protection"
447,OFF-AP-10003884,"Office Supplies",Appliances,"Fellowes Smart Surge Ten-Outlet Protector, Platinum"
448,OFF-AP-10003914,"Office Supplies",Appliances,"Sanitaire Vibra Groomer IR Commercial Upright Vacuum, Replacement Belts"
449,OFF-AP-10003971,"Office Supplies",Appliances,"Belkin 6 Outlet Metallic Surge Strip"
450,OFF-AP-10004036,"Office Supplies",Appliances,"Bionaire 99.97% HEPA Air Cleaner"
451,OFF-AP-10004052,"Office Supplies",Appliances,"Hoover Replacement Belts For Soft Guard & Commercial Ltweight Upright Vacs, 2/Pk"
452,OFF-AP-10004136,"Office Supplies",Appliances,"Kensington 6 Outlet SmartSocket Surge Protector"
453,OFF-AP-10004233,"Office Supplies",Appliances,"Honeywell Enviracaire Portable Air Cleaner for up to 8 x 10 Room"
454,OFF-AP-10004249,"Office Supplies",Appliances,"Staple holder"
455,OFF-AP-10004336,"Office Supplies",Appliances,"Conquest 14 Commercial Heavy-Duty Upright Vacuum, Collection System, Accessory Kit"
456,OFF-AP-10004487,"Office Supplies",Appliances,"Kensington 4 Outlet MasterPiece Compact Power Control Center"
457,OFF-AP-10004532,"Office Supplies",Appliances,"Kensington 6 Outlet Guardian Standard Surge Protector"
458,OFF-AP-10004540,"Office Supplies",Appliances,"Eureka The Boss Lite 10-Amp Upright Vacuum, Blue"
459,OFF-AP-10004655,"Office Supplies",Appliances,"Holmes Visible Mist Ultrasonic Humidifier with 2.3-Gallon Output per Day, Replacement Filter"
460,OFF-AP-10004708,"Office Supplies",Appliances,"Fellowes Superior 10 Outlet Split Surge Protector"
461,OFF-AP-10004785,"Office Supplies",Appliances,"Holmes Replacement Filter for HEPA Air Cleaner, Medium Room"
462,OFF-AP-10004859,"Office Supplies",Appliances,"Acco 6 Outlet Guardian Premium Surge Suppressor"
463,OFF-AP-10004868,"Office Supplies",Appliances,"Hoover Commercial Soft Guard Upright Vacuum And Disposable Filtration Bags"
464,OFF-AP-10004980,"Office Supplies",Appliances,"3M Replacement Filter for Office Air Cleaner for 20' x 33' Room"
465,OFF-AR-10000034,"Office Supplies",Art,"BIC Brite Liner Grip Highlighters, Assorted, 5/Pack"
466,OFF-AR-10000122,"Office Supplies",Art,"Newell 314"
467,OFF-AR-10000127,"Office Supplies",Art,"Newell 321"
468,OFF-AR-10000203,"Office Supplies",Art,"Newell 336"
469,OFF-AR-10000246,"Office Supplies",Art,"Newell 318"
470,OFF-AR-10000255,"Office Supplies",Art,"Newell 328"
471,OFF-AR-10000315,"Office Supplies",Art,"Dixon Ticonderoga Maple Cedar Pencil, #2"
472,OFF-AR-10000369,"Office Supplies",Art,"Design Ebony Sketching Pencil"
473,OFF-AR-10000380,"Office Supplies",Art,"Hunt PowerHouse Electric Pencil Sharpener, Blue"
474,OFF-AR-10000390,"Office Supplies",Art,"Newell Chalk Holder"
475,OFF-AR-10000411,"Office Supplies",Art,"Boston 16701 Slimline Battery Pencil Sharpener"
476,OFF-AR-10000422,"Office Supplies",Art,"Pencil and Crayon Sharpener"
477,OFF-AR-10000462,"Office Supplies",Art,"Sanford Pocket Accent Highlighters"
478,OFF-AR-10000475,"Office Supplies",Art,"Hunt BOSTON Vista Battery-Operated Pencil Sharpener, Black"
479,OFF-AR-10000538,"Office Supplies",Art,"Boston Model 1800 Electric Pencil Sharpener, Gray"
480,OFF-AR-10000588,"Office Supplies",Art,"Newell 345"
481,OFF-AR-10000614,"Office Supplies",Art,"Barrel Sharpener"
482,OFF-AR-10000634,"Office Supplies",Art,"Newell 320"
483,OFF-AR-10000657,"Office Supplies",Art,"Binney & Smith inkTank Desk Highlighter, Chisel Tip, Yellow, 12/Box"
484,OFF-AR-10000658,"Office Supplies",Art,"Newell 324"
485,OFF-AR-10000716,"Office Supplies",Art,"DIXON Ticonderoga Erasable Checking Pencils"
486,OFF-AR-10000799,"Office Supplies",Art,"Col-Erase Pencils with Erasers"
487,OFF-AR-10000817,"Office Supplies",Art,"Manco Dry-Lighter Erasable Highlighter"
488,OFF-AR-10000823,"Office Supplies",Art,"Newell 307"
489,OFF-AR-10000896,"Office Supplies",Art,"Newell 329"
490,OFF-AR-10000914,"Office Supplies",Art,"Boston 16765 Mini Stand Up Battery Pencil Sharpener"
491,OFF-AR-10000937,"Office Supplies",Art,"Dixon Ticonderoga Core-Lock Colored Pencils, 48-Color Set"
492,OFF-AR-10000940,"Office Supplies",Art,"Newell 343"
493,OFF-AR-10001022,"Office Supplies",Art,"SANFORD Liquid Accent Tank-Style Highlighters"
494,OFF-AR-10001026,"Office Supplies",Art,"Sanford Uni-Blazer View Highlighters, Chisel Tip, Yellow"
495,OFF-AR-10001044,"Office Supplies",Art,"BOSTON Ranger #55 Pencil Sharpener, Black"
496,OFF-AR-10001118,"Office Supplies",Art,"Binney & Smith Crayola Metallic Crayons, 16-Color Pack"
497,OFF-AR-10001130,"Office Supplies",Art,"Quartet Alpha White Chalk, 12/Pack"
498,OFF-AR-10001149,"Office Supplies",Art,"Sanford Colorific Colored Pencils, 12/Box"
499,OFF-AR-10001166,"Office Supplies",Art,"Staples in misc. colors"
500,OFF-AR-10001177,"Office Supplies",Art,"Newell 349"
501,OFF-AR-10001216,"Office Supplies",Art,"Newell 339"
502,OFF-AR-10001221,"Office Supplies",Art,"Dixon Ticonderoga Erasable Colored Pencil Set, 12-Color"
503,OFF-AR-10001227,"Office Supplies",Art,"Newell 338"
504,OFF-AR-10001231,"Office Supplies",Art,"Sanford EarthWrite Recycled Pencils, Medium Soft, #2"
505,OFF-AR-10001246,"Office Supplies",Art,"Newell 317"
506,OFF-AR-10001315,"Office Supplies",Art,"Newell 310"
507,OFF-AR-10001374,"Office Supplies",Art,"BIC Brite Liner Highlighters, Chisel Tip"
508,OFF-AR-10001419,"Office Supplies",Art,"Newell 325"
509,OFF-AR-10001427,"Office Supplies",Art,"Newell 330"
510,OFF-AR-10001446,"Office Supplies",Art,"Newell 309"
511,OFF-AR-10001468,"Office Supplies",Art,"Sanford Prismacolor Professional Thick Lead Art Pencils, 36-Color Set"
512,OFF-AR-10001473,"Office Supplies",Art,"Newell 313"
513,OFF-AR-10001545,"Office Supplies",Art,"Newell 326"
514,OFF-AR-10001547,"Office Supplies",Art,"Newell 311"
515,OFF-AR-10001573,"Office Supplies",Art,"American Pencil"
516,OFF-AR-10001615,"Office Supplies",Art,"Newell 34"
517,OFF-AR-10001662,"Office Supplies",Art,"Rogers Handheld Barrel Pencil Sharpener"
518,OFF-AR-10001683,"Office Supplies",Art,"Lumber Crayons"
519,OFF-AR-10001725,"Office Supplies",Art,"Boston Home & Office Model 2000 Electric Pencil Sharpeners"
520,OFF-AR-10001761,"Office Supplies",Art,"Avery Hi-Liter Smear-Safe Highlighters"
521,OFF-AR-10001770,"Office Supplies",Art,"Economy #2 Pencils"
522,OFF-AR-10001860,"Office Supplies",Art,"BIC Liqua Brite Liner"
523,OFF-AR-10001868,"Office Supplies",Art,"Prang Dustless Chalk Sticks"
524,OFF-AR-10001897,"Office Supplies",Art,"Model L Table or Wall-Mount Pencil Sharpener"
525,OFF-AR-10001915,"Office Supplies",Art,"Peel-Off China Markers"
526,OFF-AR-10001919,"Office Supplies",Art,"OIC #2 Pencils, Medium Soft"
527,OFF-AR-10001940,"Office Supplies",Art,"Sanford Colorific Eraseable Coloring Pencils, 12 Count"
528,OFF-AR-10001953,"Office Supplies",Art,"Boston 1645 Deluxe Heavier-Duty Electric Pencil Sharpener"
529,OFF-AR-10001954,"Office Supplies",Art,"Newell 331"
530,OFF-AR-10001955,"Office Supplies",Art,"Newell 319"
531,OFF-AR-10001958,"Office Supplies",Art,"Stanley Bostitch Contemporary Electric Pencil Sharpeners"
532,OFF-AR-10001972,"Office Supplies",Art,"Newell 323"
533,OFF-AR-10001988,"Office Supplies",Art,"Bulldog Table or Wall-Mount Pencil Sharpener"
534,OFF-AR-10002053,"Office Supplies",Art,"Premium Writing Pencils, Soft, #2 by Central Association for the Blind"
535,OFF-AR-10002067,"Office Supplies",Art,"Newell 334"
536,OFF-AR-10002135,"Office Supplies",Art,"Boston Heavy-Duty Trimline Electric Pencil Sharpeners"
537,OFF-AR-10002221,"Office Supplies",Art,"12 Colored Short Pencils"
538,OFF-AR-10002240,"Office Supplies",Art,"Panasonic KP-150 Electric Pencil Sharpener"
539,OFF-AR-10002255,"Office Supplies",Art,"Newell 346"
540,OFF-AR-10002257,"Office Supplies",Art,"Eldon Spacemaker Box, Quick-Snap Lid, Clear"
541,OFF-AR-10002280,"Office Supplies",Art,"Staples in misc. colors"
542,OFF-AR-10002335,"Office Supplies",Art,"DIXON Oriole Pencils"
543,OFF-AR-10002375,"Office Supplies",Art,"Newell 351"
544,OFF-AR-10002399,"Office Supplies",Art,"Dixon Prang Watercolor Pencils, 10-Color Set with Brush"
545,OFF-AR-10002445,"Office Supplies",Art,"SANFORD Major Accent Highlighters"
546,OFF-AR-10002467,"Office Supplies",Art,"Dixon Ticonderoga Pencils"
547,OFF-AR-10002578,"Office Supplies",Art,"Newell 335"
548,OFF-AR-10002656,"Office Supplies",Art,"Sanford Liquid Accent Highlighters"
549,OFF-AR-10002671,"Office Supplies",Art,"Hunt BOSTON Model 1606 High-Volume Electric Pencil Sharpener, Beige"
550,OFF-AR-10002704,"Office Supplies",Art,"Boston 1900 Electric Pencil Sharpener"
551,OFF-AR-10002766,"Office Supplies",Art,"Prang Drawing Pencil Set"
552,OFF-AR-10002804,"Office Supplies",Art,"Faber Castell Col-Erase Pencils"
553,OFF-AR-10002818,"Office Supplies",Art,"Panasonic KP-310 Heavy-Duty Electric Pencil Sharpener"
554,OFF-AR-10002833,"Office Supplies",Art,"Newell 322"
555,OFF-AR-10002952,"Office Supplies",Art,"Stanley Contemporary Battery Pencil Sharpeners"
556,OFF-AR-10002956,"Office Supplies",Art,"Boston 16801 Nautilus Battery Pencil Sharpener"
557,OFF-AR-10002987,"Office Supplies",Art,"Prismacolor Color Pencil Set"
558,OFF-AR-10003045,"Office Supplies",Art,"Prang Colored Pencils"
559,OFF-AR-10003056,"Office Supplies",Art,"Newell 341"
560,OFF-AR-10003087,"Office Supplies",Art,"Staples in misc. colors"
561,OFF-AR-10003156,"Office Supplies",Art,"50 Colored Long Pencils"
562,OFF-AR-10003158,"Office Supplies",Art,"Fluorescent Highlighters by Dixon"
563,OFF-AR-10003179,"Office Supplies",Art,"Dixon Ticonderoga Core-Lock Colored Pencils"
564,OFF-AR-10003183,"Office Supplies",Art,"Avery Fluorescent Highlighter Four-Color Set"
565,OFF-AR-10003190,"Office Supplies",Art,"Newell 32"
566,OFF-AR-10003217,"Office Supplies",Art,"Newell 316"
567,OFF-AR-10003251,"Office Supplies",Art,"Prang Drawing Pencil Set"
568,OFF-AR-10003338,"Office Supplies",Art,"Eberhard Faber 3 1/2" Golf Pencils""
569,OFF-AR-10003373,"Office Supplies",Art,"Boston School Pro Electric Pencil Sharpener, 1670"
570,OFF-AR-10003394,"Office Supplies",Art,"Newell 332"
571,OFF-AR-10003405,"Office Supplies",Art,"Dixon My First Ticonderoga Pencil, #2"
572,OFF-AR-10003469,"Office Supplies",Art,"Nontoxic Chalk"
573,OFF-AR-10003477,"Office Supplies",Art,"4009 Highlighters"
574,OFF-AR-10003478,"Office Supplies",Art,"Avery Hi-Liter EverBold Pen Style Fluorescent Highlighters, 4/Pack"
575,OFF-AR-10003481,"Office Supplies",Art,"Newell 348"
576,OFF-AR-10003504,"Office Supplies",Art,"Newell 347"
577,OFF-AR-10003514,"Office Supplies",Art,"4009 Highlighters by Sanford"
578,OFF-AR-10003560,"Office Supplies",Art,"Zebra Zazzle Fluorescent Highlighters"
579,OFF-AR-10003582,"Office Supplies",Art,"Boston Electric Pencil Sharpener, Model 1818, Charcoal Black"
580,OFF-AR-10003602,"Office Supplies",Art,"Quartet Omega Colored Chalk, 12/Pack"
581,OFF-AR-10003631,"Office Supplies",Art,"Staples in misc. colors"
582,OFF-AR-10003651,"Office Supplies",Art,"Newell 350"
583,OFF-AR-10003696,"Office Supplies",Art,"Panasonic KP-350BK Electric Pencil Sharpener with Auto Stop"
584,OFF-AR-10003723,"Office Supplies",Art,"Avery Hi-Liter Fluorescent Desk Style Markers"
585,OFF-AR-10003727,"Office Supplies",Art,"Berol Giant Pencil Sharpener"
586,OFF-AR-10003732,"Office Supplies",Art,"Newell 333"
587,OFF-AR-10003752,"Office Supplies",Art,"Deluxe Chalkboard Eraser Cleaner"
588,OFF-AR-10003759,"Office Supplies",Art,"Crayola Anti Dust Chalk, 12/Pack"
589,OFF-AR-10003770,"Office Supplies",Art,"Newell 340"
590,OFF-AR-10003772,"Office Supplies",Art,"Boston 16750 Black Compact Battery Pencil Sharpener"
591,OFF-AR-10003811,"Office Supplies",Art,"Newell 327"
592,OFF-AR-10003829,"Office Supplies",Art,"Newell 35"
593,OFF-AR-10003856,"Office Supplies",Art,"Newell 344"
594,OFF-AR-10003876,"Office Supplies",Art,"Avery Hi-Liter GlideStik Fluorescent Highlighter, Yellow Ink"
595,OFF-AR-10003896,"Office Supplies",Art,"Stride Job 150 Highlighters, Chisel Tip, Assorted Colors"
596,OFF-AR-10003903,"Office Supplies",Art,"Sanford 52201 APSCO Electric Pencil Sharpener"
597,OFF-AR-10003958,"Office Supplies",Art,"Newell 337"
598,OFF-AR-10003986,"Office Supplies",Art,"Avery Hi-Liter Pen Style Six-Color Fluorescent Set"
599,OFF-AR-10004010,"Office Supplies",Art,"Hunt Boston Vacuum Mount KS Pencil Sharpener"
600,OFF-AR-10004022,"Office Supplies",Art,"Panasonic KP-380BK Classic Electric Pencil Sharpener"
601,OFF-AR-10004027,"Office Supplies",Art,"Binney & Smith inkTank Erasable Desk Highlighter, Chisel Tip, Yellow, 12/Box"
602,OFF-AR-10004042,"Office Supplies",Art,"BOSTON Model 1800 Electric Pencil Sharpeners, Putty/Woodgrain"
603,OFF-AR-10004062,"Office Supplies",Art,"Staples in misc. colors"
604,OFF-AR-10004078,"Office Supplies",Art,"Newell 312"
605,OFF-AR-10004165,"Office Supplies",Art,"Binney & Smith inkTank Erasable Pocket Highlighter, Chisel Tip, Yellow"
606,OFF-AR-10004260,"Office Supplies",Art,"Boston 1799 Powerhouse Electric Pencil Sharpener"
607,OFF-AR-10004269,"Office Supplies",Art,"Newell 31"
608,OFF-AR-10004272,"Office Supplies",Art,"Newell 308"
609,OFF-AR-10004344,"Office Supplies",Art,"Bulldog Vacuum Base Pencil Sharpener"
610,OFF-AR-10004441,"Office Supplies",Art,"BIC Brite Liner Highlighters"
611,OFF-AR-10004456,"Office Supplies",Art,"Panasonic KP-4ABK Battery-Operated Pencil Sharpener"
612,OFF-AR-10004511,"Office Supplies",Art,"Sanford Colorific Scented Colored Pencils, 12/Pack"
613,OFF-AR-10004582,"Office Supplies",Art,"BIC Brite Liner Grip Highlighters"
614,OFF-AR-10004587,"Office Supplies",Art,"Boston 1827 Commercial Additional Cutter, Drive Gear & Gear Rack for 1606"
615,OFF-AR-10004602,"Office Supplies",Art,"Boston KS Multi-Size Manual Pencil Sharpener"
616,OFF-AR-10004648,"Office Supplies",Art,"Boston 19500 Mighty Mite Electric Pencil Sharpener"
617,OFF-AR-10004685,"Office Supplies",Art,"Binney & Smith Crayola Metallic Colored Pencils, 8-Color Set"
618,OFF-AR-10004691,"Office Supplies",Art,"Boston 1730 StandUp Electric Pencil Sharpener"
619,OFF-AR-10004707,"Office Supplies",Art,"Staples in misc. colors"
620,OFF-AR-10004752,"Office Supplies",Art,"Blackstonian Pencils"
621,OFF-AR-10004757,"Office Supplies",Art,"Crayola Colored Pencils"
622,OFF-AR-10004790,"Office Supplies",Art,"Staples in misc. colors"
623,OFF-AR-10004817,"Office Supplies",Art,"Colorific Watercolor Pencils"
624,OFF-AR-10004930,"Office Supplies",Art,"Turquoise Lead Holder with Pocket Clip"
625,OFF-AR-10004956,"Office Supplies",Art,"Newell 33"
626,OFF-AR-10004974,"Office Supplies",Art,"Newell 342"
627,OFF-AR-10004999,"Office Supplies",Art,"Newell 315"
628,OFF-BI-10000014,"Office Supplies",Binders,"Heavy-Duty E-Z-D Binders"
629,OFF-BI-10000042,"Office Supplies",Binders,"Pressboard Data Binder, Crimson, 12" X 8 1/2""""
630,OFF-BI-10000050,"Office Supplies",Binders,"Angle-D Binders with Locking Rings, Label Holders"
631,OFF-BI-10000069,"Office Supplies",Binders,"GBC Prepunched Paper, 19-Hole, for Binding Systems, 24-lb"
632,OFF-BI-10000088,"Office Supplies",Binders,"GBC Imprintable Covers"
633,OFF-BI-10000136,"Office Supplies",Binders,"Avery Non-Stick Heavy Duty View Round Locking Ring Binders"
634,OFF-BI-10000138,"Office Supplies",Binders,"Acco Translucent Poly Ring Binders"
635,OFF-BI-10000145,"Office Supplies",Binders,"Zipper Ring Binder Pockets"
636,OFF-BI-10000174,"Office Supplies",Binders,"Wilson Jones Clip & Carry Folder Binder Tool for Ring Binders, Clear"
637,OFF-BI-10000201,"Office Supplies",Binders,"Avery Triangle Shaped Sheet Lifters, Black, 2/Pack"
638,OFF-BI-10000279,"Office Supplies",Binders,"Acco Recycled 2" Capacity Laser Printer Hanging Data Binders""
639,OFF-BI-10000285,"Office Supplies",Binders,"XtraLife ClearVue Slant-D Ring Binders by Cardinal"
640,OFF-BI-10000301,"Office Supplies",Binders,"GBC Instant Report Kit"
641,OFF-BI-10000315,"Office Supplies",Binders,"Poly Designer Cover & Back"
642,OFF-BI-10000320,"Office Supplies",Binders,"GBC Plastic Binding Combs"
643,OFF-BI-10000404,"Office Supplies",Binders,"Avery Printable Repositionable Plastic Tabs"
644,OFF-BI-10000474,"Office Supplies",Binders,"Avery Recycled Flexi-View Covers for Binding Systems"
645,OFF-BI-10000494,"Office Supplies",Binders,"Acco Economy Flexible Poly Round Ring Binder"
646,OFF-BI-10000545,"Office Supplies",Binders,"GBC Ibimaster 500 Manual ProClick Binding System"
647,OFF-BI-10000546,"Office Supplies",Binders,"Avery Durable Binders"
648,OFF-BI-10000591,"Office Supplies",Binders,"Avery Binder Labels"
649,OFF-BI-10000632,"Office Supplies",Binders,"Satellite Sectional Post Binders"
650,OFF-BI-10000666,"Office Supplies",Binders,"Surelock Post Binders"
651,OFF-BI-10000756,"Office Supplies",Binders,"Storex DuraTech Recycled Plastic Frosted Binders"
652,OFF-BI-10000773,"Office Supplies",Binders,"Insertable Tab Post Binder Dividers"
653,OFF-BI-10000778,"Office Supplies",Binders,"GBC VeloBinder Electric Binding Machine"
654,OFF-BI-10000822,"Office Supplies",Binders,"Acco PRESSTEX Data Binder with Storage Hooks, Light Blue, 9 1/2" X 11""""
655,OFF-BI-10000829,"Office Supplies",Binders,"Avery Non-Stick Binders"
656,OFF-BI-10000831,"Office Supplies",Binders,"Storex Flexible Poly Binders with Double Pockets"
657,OFF-BI-10000848,"Office Supplies",Binders,"Angle-D Ring Binders"
658,OFF-BI-10000948,"Office Supplies",Binders,"GBC Laser Imprintable Binding System Covers, Desert Sand"
659,OFF-BI-10000962,"Office Supplies",Binders,"Acco Flexible ACCOHIDE Square Ring Data Binder, Dark Blue, 11 1/2" X 14"" 7/8""""
660,OFF-BI-10000977,"Office Supplies",Binders,"Ibico Plastic Spiral Binding Combs"
661,OFF-BI-10001031,"Office Supplies",Binders,"Pressboard Data Binders by Wilson Jones"
662,OFF-BI-10001036,"Office Supplies",Binders,"Cardinal EasyOpen D-Ring Binders"
663,OFF-BI-10001071,"Office Supplies",Binders,"GBC ProClick Punch Binding System"
664,OFF-BI-10001072,"Office Supplies",Binders,"GBC Clear Cover, 8-1/2 x 11, unpunched, 25 covers per pack"
665,OFF-BI-10001078,"Office Supplies",Binders,"Acco PRESSTEX Data Binder with Storage Hooks, Dark Blue, 14 7/8" X 11""""
666,OFF-BI-10001097,"Office Supplies",Binders,"Avery Hole Reinforcements"
667,OFF-BI-10001098,"Office Supplies",Binders,"Acco D-Ring Binder w/DublLock"
668,OFF-BI-10001107,"Office Supplies",Binders,"GBC White Gloss Covers, Plain Front"
669,OFF-BI-10001116,"Office Supplies",Binders,"Wilson Jones 1" Hanging DublLock Ring Binders""
670,OFF-BI-10001120,"Office Supplies",Binders,"Ibico EPK-21 Electric Binding System"
671,OFF-BI-10001132,"Office Supplies",Binders,"Acco PRESSTEX Data Binder with Storage Hooks, Dark Blue, 9 1/2" X 11""""
672,OFF-BI-10001153,"Office Supplies",Binders,"Ibico Recycled Grain-Textured Covers"
673,OFF-BI-10001191,"Office Supplies",Binders,"Canvas Sectional Post Binders"
674,OFF-BI-10001196,"Office Supplies",Binders,"Avery Flip-Chart Easel Binder, Black"
675,OFF-BI-10001249,"Office Supplies",Binders,"Avery Heavy-Duty EZD View Binder with Locking Rings"
676,OFF-BI-10001267,"Office Supplies",Binders,"Universal Recycled Hanging Pressboard Report Binders, Letter Size"
677,OFF-BI-10001294,"Office Supplies",Binders,"Fellowes Binding Cases"
678,OFF-BI-10001308,"Office Supplies",Binders,"GBC Standard Plastic Binding Systems' Combs"
679,OFF-BI-10001359,"Office Supplies",Binders,"GBC DocuBind TL300 Electric Binding System"
680,OFF-BI-10001460,"Office Supplies",Binders,"Plastic Binding Combs"
681,OFF-BI-10001510,"Office Supplies",Binders,"Deluxe Heavy-Duty Vinyl Round Ring Binder"
682,OFF-BI-10001524,"Office Supplies",Binders,"GBC Premium Transparent Covers with Diagonal Lined Pattern"
683,OFF-BI-10001543,"Office Supplies",Binders,"GBC VeloBinder Manual Binding System"
684,OFF-BI-10001553,"Office Supplies",Binders,"SpineVue Locking Slant-D Ring Binders by Cardinal"
685,OFF-BI-10001575,"Office Supplies",Binders,"GBC Linen Binding Covers"
686,OFF-BI-10001617,"Office Supplies",Binders,"GBC Wire Binding Combs"
687,OFF-BI-10001628,"Office Supplies",Binders,"Acco Data Flex Cable Posts For Top & Bottom Load Binders, 6" Capacity""
688,OFF-BI-10001634,"Office Supplies",Binders,"Wilson Jones Active Use Binders"
689,OFF-BI-10001636,"Office Supplies",Binders,"Ibico Plastic and Wire Spiral Binding Combs"
690,OFF-BI-10001658,"Office Supplies",Binders,"GBC Standard Therm-A-Bind Covers"
691,OFF-BI-10001670,"Office Supplies",Binders,"Vinyl Sectional Post Binders"
692,OFF-BI-10001679,"Office Supplies",Binders,"GBC Instant Index System for Binding Systems"
693,OFF-BI-10001718,"Office Supplies",Binders,"GBC DocuBind P50 Personal Binding Machine"
694,OFF-BI-10001721,"Office Supplies",Binders,"Trimflex Flexible Post Binders"
695,OFF-BI-10001757,"Office Supplies",Binders,"Pressboard Hanging Data Binders for Unburst Sheets"
696,OFF-BI-10001758,"Office Supplies",Binders,"Wilson Jones 14 Line Acrylic Coated Pressboard Data Binders"
697,OFF-BI-10001765,"Office Supplies",Binders,"Wilson Jones Heavy-Duty Casebound Ring Binders with Metal Hinges"
698,OFF-BI-10001787,"Office Supplies",Binders,"Wilson Jones Four-Pocket Poly Binders"
699,OFF-BI-10001890,"Office Supplies",Binders,"Avery Poly Binder Pockets"
700,OFF-BI-10001900,"Office Supplies",Binders,"DXL Angle-View Binders with Locking Rings, Black"
701,OFF-BI-10001922,"Office Supplies",Binders,"Storex Dura Pro Binders"
702,OFF-BI-10001982,"Office Supplies",Binders,"Wilson Jones Custom Binder Spines & Labels"
703,OFF-BI-10001989,"Office Supplies",Binders,"Premium Transparent Presentation Covers by GBC"
704,OFF-BI-10002003,"Office Supplies",Binders,"Ibico Presentation Index for Binding Systems"
705,OFF-BI-10002012,"Office Supplies",Binders,"Wilson Jones Easy Flow II Sheet Lifters"
706,OFF-BI-10002026,"Office Supplies",Binders,"Avery Arch Ring Binders"
707,OFF-BI-10002049,"Office Supplies",Binders,"UniKeep View Case Binders"
708,OFF-BI-10002071,"Office Supplies",Binders,"Fellowes Black Plastic Comb Bindings"
709,OFF-BI-10002072,"Office Supplies",Binders,"Cardinal Slant-D Ring Binders"
710,OFF-BI-10002082,"Office Supplies",Binders,"GBC Twin Loop Wire Binding Elements"
711,OFF-BI-10002103,"Office Supplies",Binders,"Cardinal Slant-D Ring Binder, Heavy Gauge Vinyl"
712,OFF-BI-10002160,"Office Supplies",Binders,"Acco Hanging Data Binders"
713,OFF-BI-10002194,"Office Supplies",Binders,"Cardinal Hold-It CD Pocket"
714,OFF-BI-10002215,"Office Supplies",Binders,"Wilson Jones Hanging View Binder, White, 1"""
715,OFF-BI-10002225,"Office Supplies",Binders,"Square Ring Data Binders, Rigid 75 Pt. Covers, 11" x 14-7/8""""
716,OFF-BI-10002309,"Office Supplies",Binders,"Avery Heavy-Duty EZD  Binder With Locking Rings"
717,OFF-BI-10002353,"Office Supplies",Binders,"GBC VeloBind Cover Sets"
718,OFF-BI-10002393,"Office Supplies",Binders,"Binder Posts"
719,OFF-BI-10002412,"Office Supplies",Binders,"Wilson Jones “Snap” Scratch Pad Binder Tool for Ring Binders"
720,OFF-BI-10002414,"Office Supplies",Binders,"GBC ProClick Spines for 32-Hole Punch"
721,OFF-BI-10002429,"Office Supplies",Binders,"Premier Elliptical Ring Binder, Black"
722,OFF-BI-10002432,"Office Supplies",Binders,"Wilson Jones Standard D-Ring Binders"
723,OFF-BI-10002437,"Office Supplies",Binders,"Recycled Premium Regency Composition Covers"
724,OFF-BI-10002498,"Office Supplies",Binders,"Clear Mylar Reinforcing Strips"
725,OFF-BI-10002557,"Office Supplies",Binders,"Presstex Flexible Ring Binders"
726,OFF-BI-10002571,"Office Supplies",Binders,"Avery Framed View Binder, EZD Ring (Locking), Navy, 1 1/2"""
727,OFF-BI-10002609,"Office Supplies",Binders,"Avery Hidden Tab Dividers for Binding Systems"
728,OFF-BI-10002706,"Office Supplies",Binders,"Avery Premier Heavy-Duty Binder with Round Locking Rings"
729,OFF-BI-10002735,"Office Supplies",Binders,"GBC Prestige Therm-A-Bind Covers"
730,OFF-BI-10002764,"Office Supplies",Binders,"Recycled Pressboard Report Cover with Reinforced Top Hinge"
731,OFF-BI-10002799,"Office Supplies",Binders,"SlimView Poly Binder, 3/8"""
732,OFF-BI-10002813,"Office Supplies",Binders,"Avery Reinforcements for Hole-Punch Pages"
733,OFF-BI-10002824,"Office Supplies",Binders,"Recycled Easel Ring Binders"
734,OFF-BI-10002827,"Office Supplies",Binders,"Avery Durable Poly Binders"
735,OFF-BI-10002852,"Office Supplies",Binders,"Ibico Standard Transparent Covers"
736,OFF-BI-10002854,"Office Supplies",Binders,"Performers Binder/Pad Holder, Black"
737,OFF-BI-10002867,"Office Supplies",Binders,"GBC Recycled Regency Composition Covers"
738,OFF-BI-10002897,"Office Supplies",Binders,"Black Avery Memo-Size 3-Ring Binder, 5 1/2" x 8 1/2""""
739,OFF-BI-10002931,"Office Supplies",Binders,"Avery Trapezoid Extra Heavy Duty 4" Binders""
740,OFF-BI-10002949,"Office Supplies",Binders,"Prestige Round Ring Binders"
741,OFF-BI-10002954,"Office Supplies",Binders,"Newell 3-Hole Punched Plastic Slotted Magazine Holders for Binders"
742,OFF-BI-10002976,"Office Supplies",Binders,"ACCOHIDE Binder by Acco"
743,OFF-BI-10002982,"Office Supplies",Binders,"Avery Self-Adhesive Photo Pockets for Polaroid Photos"
744,OFF-BI-10003007,"Office Supplies",Binders,"Premium Transparent Presentation Covers, No Pattern/Clear, 8 1/2" x 11""""
745,OFF-BI-10003091,"Office Supplies",Binders,"GBC DocuBind TL200 Manual Binding Machine"
746,OFF-BI-10003094,"Office Supplies",Binders,"Self-Adhesive Ring Binder Labels"
747,OFF-BI-10003166,"Office Supplies",Binders,"GBC Plasticlear Binding Covers"
748,OFF-BI-10003196,"Office Supplies",Binders,"Accohide Poly Flexible Ring Binders"
749,OFF-BI-10003274,"Office Supplies",Binders,"Avery Durable Slant Ring Binders, No Labels"
750,OFF-BI-10003291,"Office Supplies",Binders,"Wilson Jones Leather-Like Binders with DublLock Round Rings"
751,OFF-BI-10003305,"Office Supplies",Binders,"Avery Hanging File Binders"
752,OFF-BI-10003314,"Office Supplies",Binders,"Tuff Stuff Recycled Round Ring Binders"
753,OFF-BI-10003350,"Office Supplies",Binders,"Acco Expandable Hanging Binders"
754,OFF-BI-10003355,"Office Supplies",Binders,"Cardinal Holdit Business Card Pockets"
755,OFF-BI-10003364,"Office Supplies",Binders,"Binding Machine Supplies"
756,OFF-BI-10003429,"Office Supplies",Binders,"Cardinal HOLDit! Binder Insert Strips,Extra Strips"
757,OFF-BI-10003460,"Office Supplies",Binders,"Acco 3-Hole Punch"
758,OFF-BI-10003476,"Office Supplies",Binders,"Avery Metallic Poly Binders"
759,OFF-BI-10003527,"Office Supplies",Binders,"Fellowes PB500 Electric Punch Plastic Comb Binding Machine with Manual Bind"
760,OFF-BI-10003529,"Office Supplies",Binders,"Avery Round Ring Poly Binders"
761,OFF-BI-10003638,"Office Supplies",Binders,"GBC Durable Plastic Covers"
762,OFF-BI-10003650,"Office Supplies",Binders,"GBC DocuBind 300 Electric Binding Machine"
763,OFF-BI-10003655,"Office Supplies",Binders,"Durable Pressboard Binders"
764,OFF-BI-10003656,"Office Supplies",Binders,"Fellowes PB200 Plastic Comb Binding Machine"
765,OFF-BI-10003669,"Office Supplies",Binders,"3M Organizer Strips"
766,OFF-BI-10003676,"Office Supplies",Binders,"GBC Standard Recycled Report Covers, Clear Plastic Sheets"
767,OFF-BI-10003684,"Office Supplies",Binders,"Wilson Jones Legal Size Ring Binders"
768,OFF-BI-10003707,"Office Supplies",Binders,"Aluminum Screw Posts"
769,OFF-BI-10003708,"Office Supplies",Binders,"Acco Four Pocket Poly Ring Binder with Label Holder, Smoke, 1"""
770,OFF-BI-10003718,"Office Supplies",Binders,"GBC Therma-A-Bind 250T Electric Binding System"
771,OFF-BI-10003719,"Office Supplies",Binders,"Large Capacity Hanging Post Binders"
772,OFF-BI-10003727,"Office Supplies",Binders,"Avery Durable Slant Ring Binders With Label Holder"
773,OFF-BI-10003784,"Office Supplies",Binders,"Computer Printout Index Tabs"
774,OFF-BI-10003876,"Office Supplies",Binders,"Green Canvas Binder for 8-1/2" x 14"" Sheets""
775,OFF-BI-10003910,"Office Supplies",Binders,"DXL Angle-View Binders with Locking Rings by Samsill"
776,OFF-BI-10003925,"Office Supplies",Binders,"Fellowes PB300 Plastic Comb Binding Machine"
777,OFF-BI-10003963,"Office Supplies",Binders,"Cardinal Holdit Data Disk Pockets"
778,OFF-BI-10003981,"Office Supplies",Binders,"Avery Durable Plastic 1" Binders""
779,OFF-BI-10003982,"Office Supplies",Binders,"Wilson Jones Century Plastic Molded Ring Binders"
780,OFF-BI-10003984,"Office Supplies",Binders,"Lock-Up Easel 'Spel-Binder'"
781,OFF-BI-10004001,"Office Supplies",Binders,"GBC Recycled VeloBinder Covers"
782,OFF-BI-10004002,"Office Supplies",Binders,"Wilson Jones International Size A4 Ring Binders"
783,OFF-BI-10004022,"Office Supplies",Binders,"Acco Suede Grain Vinyl Round Ring Binder"
784,OFF-BI-10004040,"Office Supplies",Binders,"Wilson Jones Impact Binders"
785,OFF-BI-10004094,"Office Supplies",Binders,"GBC Standard Plastic Binding Systems Combs"
786,OFF-BI-10004099,"Office Supplies",Binders,"GBC VeloBinder Strips"
787,OFF-BI-10004139,"Office Supplies",Binders,"Fellowes Presentation Covers for Comb Binding Machines"
788,OFF-BI-10004140,"Office Supplies",Binders,"Avery Non-Stick Binders"
789,OFF-BI-10004141,"Office Supplies",Binders,"Insertable Tab Indexes For Data Binders"
790,OFF-BI-10004182,"Office Supplies",Binders,"Economy Binders"
791,OFF-BI-10004187,"Office Supplies",Binders,"3-ring staple pack"
792,OFF-BI-10004209,"Office Supplies",Binders,"Fellowes Twister Kit, Gray/Clear, 3/pkg"
793,OFF-BI-10004224,"Office Supplies",Binders,"Catalog Binders with Expanding Posts"
794,OFF-BI-10004230,"Office Supplies",Binders,"GBC Recycled Grain Textured Covers"
795,OFF-BI-10004233,"Office Supplies",Binders,"GBC Pre-Punched Binding Paper, Plastic, White, 8-1/2" x 11""""
796,OFF-BI-10004236,"Office Supplies",Binders,"XtraLife ClearVue Slant-D Ring Binder, White, 3"""
797,OFF-BI-10004308,"Office Supplies",Binders,"Avery Legal 4-Ring Binder"
798,OFF-BI-10004318,"Office Supplies",Binders,"Ibico EB-19 Dual Function Manual Binding System"
799,OFF-BI-10004330,"Office Supplies",Binders,"GBC Velobind Prepunched Cover Sets, Regency Series"
800,OFF-BI-10004352,"Office Supplies",Binders,"Wilson Jones DublLock D-Ring Binders"
801,OFF-BI-10004364,"Office Supplies",Binders,"Storex Dura Pro Binders"
802,OFF-BI-10004390,"Office Supplies",Binders,"GBC DocuBind 200 Manual Binding Machine"
803,OFF-BI-10004410,"Office Supplies",Binders,"C-Line Peel & Stick Add-On Filing Pockets, 8-3/4 x 5-1/8, 10/Pack"
804,OFF-BI-10004465,"Office Supplies",Binders,"Avery Durable Slant Ring Binders"
805,OFF-BI-10004492,"Office Supplies",Binders,"Tuf-Vin Binders"
806,OFF-BI-10004506,"Office Supplies",Binders,"Wilson Jones data.warehouse D-Ring Binders with DublLock"
807,OFF-BI-10004519,"Office Supplies",Binders,"GBC DocuBind P100 Manual Binding Machine"
808,OFF-BI-10004528,"Office Supplies",Binders,"Cardinal Poly Pocket Divider Pockets for Ring Binders"
809,OFF-BI-10004584,"Office Supplies",Binders,"GBC ProClick 150 Presentation Binding System"
810,OFF-BI-10004593,"Office Supplies",Binders,"Ibico Laser Imprintable Binding System Covers"
811,OFF-BI-10004600,"Office Supplies",Binders,"Ibico Ibimaster 300 Manual Binding System"
812,OFF-BI-10004632,"Office Supplies",Binders,"Ibico Hi-Tech Manual Binding System"
813,OFF-BI-10004654,"Office Supplies",Binders,"Avery Binding System Hidden Tab Executive Style Index Sets"
814,OFF-BI-10004656,"Office Supplies",Binders,"Peel & Stick Add-On Corner Pockets"
815,OFF-BI-10004716,"Office Supplies",Binders,"Wilson Jones Hanging Recycled Pressboard Data Binders"
816,OFF-BI-10004728,"Office Supplies",Binders,"Wilson Jones Turn Tabs Binder Tool for Ring Binders"
817,OFF-BI-10004738,"Office Supplies",Binders,"Flexible Leather- Look Classic Collection Ring Binder"
818,OFF-BI-10004781,"Office Supplies",Binders,"GBC Wire Binding Strips"
819,OFF-BI-10004817,"Office Supplies",Binders,"GBC Personal VeloBind Strips"
820,OFF-BI-10004826,"Office Supplies",Binders,"JM Magazine Binder"
821,OFF-BI-10004828,"Office Supplies",Binders,"GBC Poly Designer Binding Covers"
822,OFF-BI-10004876,"Office Supplies",Binders,"Wilson Jones Suede Grain Vinyl Binders"
823,OFF-BI-10004965,"Office Supplies",Binders,"Ibico Covers for Plastic or Wire Binding Elements"
824,OFF-BI-10004967,"Office Supplies",Binders,"Round Ring Binders"
825,OFF-BI-10004970,"Office Supplies",Binders,"ACCOHIDE 3-Ring Binder, Blue, 1"""
826,OFF-BI-10004995,"Office Supplies",Binders,"GBC DocuBind P400 Electric Binding System"
827,OFF-EN-10000056,"Office Supplies",Envelopes,"Cameo Buff Policy Envelopes"
828,OFF-EN-10000461,"Office Supplies",Envelopes,"#10- 4 1/8" x 9 1/2"" Recycled Envelopes""
829,OFF-EN-10000483,"Office Supplies",Envelopes,"White Envelopes, White Envelopes with Clear Poly Window"
830,OFF-EN-10000781,"Office Supplies",Envelopes,"#10- 4 1/8" x 9 1/2"" Recycled Envelopes""
831,OFF-EN-10000927,"Office Supplies",Envelopes,"Jet-Pak Recycled Peel 'N' Seal Padded Mailers"
832,OFF-EN-10001028,"Office Supplies",Envelopes,"Staple envelope"
833,OFF-EN-10001099,"Office Supplies",Envelopes,"Staple envelope"
834,OFF-EN-10001137,"Office Supplies",Envelopes,"#10 Gummed Flap White Envelopes, 100/Box"
835,OFF-EN-10001141,"Office Supplies",Envelopes,"Manila Recycled Extra-Heavyweight Clasp Envelopes, 6" x 9""""
836,OFF-EN-10001219,"Office Supplies",Envelopes,"#10- 4 1/8" x 9 1/2"" Security-Tint Envelopes""
837,OFF-EN-10001335,"Office Supplies",Envelopes,"White Business Envelopes with Contemporary Seam, Recycled White Business Envelopes"
838,OFF-EN-10001415,"Office Supplies",Envelopes,"Staple envelope"
839,OFF-EN-10001434,"Office Supplies",Envelopes,"Strathmore #10 Envelopes, Ultimate White"
840,OFF-EN-10001509,"Office Supplies",Envelopes,"Poly String Tie Envelopes"
841,OFF-EN-10001532,"Office Supplies",Envelopes,"Brown Kraft Recycled Envelopes"
842,OFF-EN-10001535,"Office Supplies",Envelopes,"Grip Seal Envelopes"
843,OFF-EN-10001539,"Office Supplies",Envelopes,"Staple envelope"
844,OFF-EN-10001749,"Office Supplies",Envelopes,"Jiffy Padded Mailers with Self-Seal Closure"
845,OFF-EN-10001990,"Office Supplies",Envelopes,"Staple envelope"
846,OFF-EN-10002230,"Office Supplies",Envelopes,"Airmail Envelopes"
847,OFF-EN-10002312,"Office Supplies",Envelopes,"#10 Self-Seal White Envelopes"
848,OFF-EN-10002500,"Office Supplies",Envelopes,"Globe Weis Peel & Seel First Class Envelopes"
849,OFF-EN-10002504,"Office Supplies",Envelopes,"Tyvek  Top-Opening Peel & Seel Envelopes, Plain White"
850,OFF-EN-10002592,"Office Supplies",Envelopes,"Peel & Seel Recycled Catalog Envelopes, Brown"
851,OFF-EN-10002600,"Office Supplies",Envelopes,"Redi-Strip #10 Envelopes, 4 1/8 x 9 1/2"
852,OFF-EN-10002621,"Office Supplies",Envelopes,"Staple envelope"
853,OFF-EN-10002831,"Office Supplies",Envelopes,"Tyvek  Top-Opening Peel & Seel  Envelopes, Gray"
854,OFF-EN-10002973,"Office Supplies",Envelopes,"Ampad #10 Peel & Seel Holiday Envelopes"
855,OFF-EN-10002986,"Office Supplies",Envelopes,"#10-4 1/8" x 9 1/2"" Premium Diagonal Seam Envelopes""
856,OFF-EN-10003001,"Office Supplies",Envelopes,"Ames Color-File Green Diamond Border X-ray Mailers"
857,OFF-EN-10003040,"Office Supplies",Envelopes,"Quality Park Security Envelopes"
858,OFF-EN-10003055,"Office Supplies",Envelopes,"Blue String-Tie & Button Interoffice Envelopes, 10 x 13"
859,OFF-EN-10003068,"Office Supplies",Envelopes,"#6 3/4 Gummed Flap White Envelopes"
860,OFF-EN-10003072,"Office Supplies",Envelopes,"Peel & Seel Envelopes"
861,OFF-EN-10003134,"Office Supplies",Envelopes,"Staple envelope"
862,OFF-EN-10003160,"Office Supplies",Envelopes,"Pastel Pink Envelopes"
863,OFF-EN-10003286,"Office Supplies",Envelopes,"Staple envelope"
864,OFF-EN-10003296,"Office Supplies",Envelopes,"Tyvek Side-Opening Peel & Seel Expanding Envelopes"
865,OFF-EN-10003448,"Office Supplies",Envelopes,"Peel & Seel Recycled Catalog Envelopes, Brown"
866,OFF-EN-10003798,"Office Supplies",Envelopes,"Recycled Interoffice Envelopes with Re-Use-A-Seal Closure, 10 x 13"
867,OFF-EN-10003845,"Office Supplies",Envelopes,"Colored Envelopes"
868,OFF-EN-10003862,"Office Supplies",Envelopes,"Laser & Ink Jet Business Envelopes"
869,OFF-EN-10004007,"Office Supplies",Envelopes,"Park Ridge Embossed Executive Business Envelopes"
870,OFF-EN-10004030,"Office Supplies",Envelopes,"Convenience Packs of Business Envelopes"
871,OFF-EN-10004147,"Office Supplies",Envelopes,"Wausau Papers Astrobrights Colored Envelopes"
872,OFF-EN-10004206,"Office Supplies",Envelopes,"Multimedia Mailers"
873,OFF-EN-10004386,"Office Supplies",Envelopes,"Recycled Interoffice Envelopes with String and Button Closure, 10 x 13"
874,OFF-EN-10004459,"Office Supplies",Envelopes,"Security-Tint Envelopes"
875,OFF-EN-10004483,"Office Supplies",Envelopes,"#10 White Business Envelopes,4 1/8 x 9 1/2"
876,OFF-EN-10004773,"Office Supplies",Envelopes,"Staple envelope"
877,OFF-EN-10004846,"Office Supplies",Envelopes,"Letter or Legal Size Expandable Poly String Tie Envelopes"
878,OFF-EN-10004955,"Office Supplies",Envelopes,"Fashion Color Clasp Envelopes"
879,OFF-FA-10000053,"Office Supplies",Fasteners,"Revere Boxed Rubber Bands by Revere"
880,OFF-FA-10000089,"Office Supplies",Fasteners,"Acco Glide Clips"
881,OFF-FA-10000134,"Office Supplies",Fasteners,"Advantus Push Pins, Aluminum Head"
882,OFF-FA-10000254,"Office Supplies",Fasteners,"Sterling Rubber Bands by Alliance"
883,OFF-FA-10000304,"Office Supplies",Fasteners,"Advantus Push Pins"
884,OFF-FA-10000585,"Office Supplies",Fasteners,"OIC Bulk Pack Metal Binder Clips"
885,OFF-FA-10000611,"Office Supplies",Fasteners,"Binder Clips by OIC"
886,OFF-FA-10000621,"Office Supplies",Fasteners,"OIC Colored Binder Clips, Assorted Sizes"
887,OFF-FA-10000624,"Office Supplies",Fasteners,"OIC Binder Clips"
888,OFF-FA-10000735,"Office Supplies",Fasteners,Staples
889,OFF-FA-10000840,"Office Supplies",Fasteners,"OIC Thumb-Tacks"
890,OFF-FA-10000936,"Office Supplies",Fasteners,"Acco Hot Clips Clips to Go"
891,OFF-FA-10000992,"Office Supplies",Fasteners,"Acco Clips to Go Binder Clips, 24 Clips in Two Sizes"
892,OFF-FA-10001135,"Office Supplies",Fasteners,"Brites Rubber Bands, 1 1/2 oz. Box"
893,OFF-FA-10001229,"Office Supplies",Fasteners,Staples
894,OFF-FA-10001332,"Office Supplies",Fasteners,"Acco Banker's Clasps, 5 3/4"-Long""
895,OFF-FA-10001561,"Office Supplies",Fasteners,"Stockwell Push Pins"
896,OFF-FA-10001754,"Office Supplies",Fasteners,"Stockwell Gold Paper Clips"
897,OFF-FA-10001843,"Office Supplies",Fasteners,Staples
898,OFF-FA-10001883,"Office Supplies",Fasteners,"Alliance Super-Size Bands, Assorted Sizes"
899,OFF-FA-10002280,"Office Supplies",Fasteners,"Advantus Plastic Paper Clips"
900,OFF-FA-10002676,"Office Supplies",Fasteners,"Colored Push Pins"
901,OFF-FA-10002701,"Office Supplies",Fasteners,"Alliance Rubber Bands"
902,OFF-FA-10002763,"Office Supplies",Fasteners,"Advantus Map Pennant Flags and Round Head Tacks"
903,OFF-FA-10002780,"Office Supplies",Fasteners,Staples
904,OFF-FA-10002815,"Office Supplies",Fasteners,Staples
905,OFF-FA-10002975,"Office Supplies",Fasteners,Staples
906,OFF-FA-10002983,"Office Supplies",Fasteners,"Advantus SlideClip Paper Clips"
907,OFF-FA-10002988,"Office Supplies",Fasteners,"Ideal Clamps"
908,OFF-FA-10003021,"Office Supplies",Fasteners,Staples
909,OFF-FA-10003059,"Office Supplies",Fasteners,"Assorted Color Push Pins"
910,OFF-FA-10003112,"Office Supplies",Fasteners,Staples
911,OFF-FA-10003467,"Office Supplies",Fasteners,"Alliance Big Bands Rubber Bands, 12/Pack"
912,OFF-FA-10003472,"Office Supplies",Fasteners,"Bagged Rubber Bands"
913,OFF-FA-10003485,"Office Supplies",Fasteners,Staples
914,OFF-FA-10003495,"Office Supplies",Fasteners,Staples
915,OFF-FA-10004076,"Office Supplies",Fasteners,"Translucent Push Pins by OIC"
916,OFF-FA-10004248,"Office Supplies",Fasteners,"Advantus T-Pin Paper Clips"
917,OFF-FA-10004395,"Office Supplies",Fasteners,"Plymouth Boxed Rubber Bands by Plymouth"
918,OFF-FA-10004838,"Office Supplies",Fasteners,"Super Bands, 12/Pack"
919,OFF-FA-10004854,"Office Supplies",Fasteners,"Vinyl Coated Wire Paper Clips in Organizer Box, 800/Box"
920,OFF-FA-10004968,"Office Supplies",Fasteners,"Rubber Band Ball"
921,OFF-LA-10000081,"Office Supplies",Labels,"Avery 496"
922,OFF-LA-10000121,"Office Supplies",Labels,"Avery 48"
923,OFF-LA-10000134,"Office Supplies",Labels,"Avery 511"
924,OFF-LA-10000240,"Office Supplies",Labels,"Self-Adhesive Address Labels for Typewriters by Universal"
925,OFF-LA-10000248,"Office Supplies",Labels,"Avery 52"
926,OFF-LA-10000262,"Office Supplies",Labels,"Avery 494"
927,OFF-LA-10000305,"Office Supplies",Labels,"Avery 495"
928,OFF-LA-10000407,"Office Supplies",Labels,"Avery White Multi-Purpose Labels"
929,OFF-LA-10000414,"Office Supplies",Labels,"Avery 503"
930,OFF-LA-10000443,"Office Supplies",Labels,"Avery 501"
931,OFF-LA-10000452,"Office Supplies",Labels,"Avery 488"
932,OFF-LA-10000476,"Office Supplies",Labels,"Avery 05222 Permanent Self-Adhesive File Folder Labels for Typewriters, on Rolls, White, 250/Roll"
933,OFF-LA-10000634,"Office Supplies",Labels,"Avery 509"
934,OFF-LA-10000973,"Office Supplies",Labels,"Avery 502"
935,OFF-LA-10001045,"Office Supplies",Labels,"Permanent Self-Adhesive File Folder Labels for Typewriters by Universal"
936,OFF-LA-10001074,"Office Supplies",Labels,"Round Specialty Laser Printer Labels"
937,OFF-LA-10001158,"Office Supplies",Labels,"Avery Address/Shipping Labels for Typewriters, 4" x 2""""
938,OFF-LA-10001175,"Office Supplies",Labels,"Avery 514"
939,OFF-LA-10001297,"Office Supplies",Labels,"Avery 473"
940,OFF-LA-10001317,"Office Supplies",Labels,"Avery 520"
941,OFF-LA-10001404,"Office Supplies",Labels,"Avery 517"
942,OFF-LA-10001474,"Office Supplies",Labels,"Avery 477"
943,OFF-LA-10001569,"Office Supplies",Labels,"Avery 499"
944,OFF-LA-10001613,"Office Supplies",Labels,"Avery File Folder Labels"
945,OFF-LA-10001641,"Office Supplies",Labels,"Avery 518"
946,OFF-LA-10001771,"Office Supplies",Labels,"Avery 513"
947,OFF-LA-10001934,"Office Supplies",Labels,"Avery 516"
948,OFF-LA-10001982,"Office Supplies",Labels,"Smead Alpha-Z Color-Coded Name Labels First Letter Starter Set"
949,OFF-LA-10002034,"Office Supplies",Labels,"Avery 478"
950,OFF-LA-10002043,"Office Supplies",Labels,"Avery 489"
951,OFF-LA-10002195,"Office Supplies",Labels,"Avery 481"
952,OFF-LA-10002271,"Office Supplies",Labels,"Smead Alpha-Z Color-Coded Second Alphabetical Labels and Starter Set"
953,OFF-LA-10002312,"Office Supplies",Labels,"Avery 490"
954,OFF-LA-10002368,"Office Supplies",Labels,"Avery 479"
955,OFF-LA-10002381,"Office Supplies",Labels,"Avery 497"
956,OFF-LA-10002473,"Office Supplies",Labels,"Avery 484"
957,OFF-LA-10002475,"Office Supplies",Labels,"Avery 519"
958,OFF-LA-10002762,"Office Supplies",Labels,"Avery 485"
959,OFF-LA-10002787,"Office Supplies",Labels,"Avery 480"
960,OFF-LA-10002945,"Office Supplies",Labels,"Permanent Self-Adhesive File Folder Labels for Typewriters, 1 1/8 x 3 1/2, White"
961,OFF-LA-10003077,"Office Supplies",Labels,"Avery 500"
962,OFF-LA-10003121,"Office Supplies",Labels,"Avery 506"
963,OFF-LA-10003148,"Office Supplies",Labels,"Avery 51"
964,OFF-LA-10003190,"Office Supplies",Labels,"Avery 474"
965,OFF-LA-10003223,"Office Supplies",Labels,"Avery 508"
966,OFF-LA-10003388,"Office Supplies",Labels,"Avery 5"
967,OFF-LA-10003498,"Office Supplies",Labels,"Avery 475"
968,OFF-LA-10003510,"Office Supplies",Labels,"Avery 4027 File Folder Labels for Dot Matrix Printers, 5000 Labels per Box, White"
969,OFF-LA-10003537,"Office Supplies",Labels,"Avery 515"
970,OFF-LA-10003663,"Office Supplies",Labels,"Avery 498"
971,OFF-LA-10003714,"Office Supplies",Labels,"Avery 510"
972,OFF-LA-10003720,"Office Supplies",Labels,"Avery 487"
973,OFF-LA-10003766,"Office Supplies",Labels,"Self-Adhesive Removable Labels"
974,OFF-LA-10003923,"Office Supplies",Labels,"Alphabetical Labels for Top Tab Filing"
975,OFF-LA-10003930,"Office Supplies",Labels,"Dot Matrix Printer Tape Reel Labels, White, 5000/Box"
976,OFF-LA-10004008,"Office Supplies",Labels,"Avery 507"
977,OFF-LA-10004055,"Office Supplies",Labels,"Color-Coded Legal Exhibit Labels"
978,OFF-LA-10004093,"Office Supplies",Labels,"Avery 486"
979,OFF-LA-10004178,"Office Supplies",Labels,"Avery 491"
980,OFF-LA-10004272,"Office Supplies",Labels,"Avery 482"
981,OFF-LA-10004345,"Office Supplies",Labels,"Avery 493"
982,OFF-LA-10004409,"Office Supplies",Labels,"Avery 492"
983,OFF-LA-10004425,"Office Supplies",Labels,"Staple-on labels"
984,OFF-LA-10004484,"Office Supplies",Labels,"Avery 476"
985,OFF-LA-10004544,"Office Supplies",Labels,"Avery 505"
986,OFF-LA-10004545,"Office Supplies",Labels,"Avery 50"
987,OFF-LA-10004559,"Office Supplies",Labels,"Avery 49"
988,OFF-LA-10004677,"Office Supplies",Labels,"Self-Adhesive Address Labels for Typewriters with Dispenser Box"
989,OFF-LA-10004689,"Office Supplies",Labels,"Avery 512"
990,OFF-LA-10004853,"Office Supplies",Labels,"Avery 483"
991,OFF-PA-10000007,"Office Supplies",Paper,"Telephone Message Books with Fax/Mobile Section, 4 1/4" x 6""""
992,OFF-PA-10000019,"Office Supplies",Paper,"Xerox 1931"
993,OFF-PA-10000029,"Office Supplies",Paper,"Xerox 224"
994,OFF-PA-10000048,"Office Supplies",Paper,"Xerox 20"
995,OFF-PA-10000061,"Office Supplies",Paper,"Xerox 205"
996,OFF-PA-10000062,"Office Supplies",Paper,"Green Bar Computer Printout Paper"
997,OFF-PA-10000069,"Office Supplies",Paper,"TOPS 4 x 6 Fluorescent Color Memo Sheets, 500 Sheets per Pack"
998,OFF-PA-10000100,"Office Supplies",Paper,"Xerox 1945"
999,OFF-PA-10000130,"Office Supplies",Paper,"Xerox 199"
1000,OFF-PA-10000141,"Office Supplies",Paper,"Ampad Evidence Wirebond Steno Books, 6" x 9""""
